-- phpMyAdmin SQL Dump
-- version 5.0.2
-- https://www.phpmyadmin.net/
--
-- Servidor: 127.0.0.1
-- Tiempo de generación: 25-09-2020 a las 18:56:26
-- Versión del servidor: 10.4.13-MariaDB
-- Versión de PHP: 7.2.31

SET SQL_MODE = "NO_AUTO_VALUE_ON_ZERO";
START TRANSACTION;
SET time_zone = "+00:00";


/*!40101 SET @OLD_CHARACTER_SET_CLIENT=@@CHARACTER_SET_CLIENT */;
/*!40101 SET @OLD_CHARACTER_SET_RESULTS=@@CHARACTER_SET_RESULTS */;
/*!40101 SET @OLD_COLLATION_CONNECTION=@@COLLATION_CONNECTION */;
/*!40101 SET NAMES utf8mb4 */;

--
-- Base de datos: `proyecto`
--

-- --------------------------------------------------------

--
-- Estructura de tabla para la tabla `accesibilidad`
--

CREATE TABLE `accesibilidad` (
  `id` int(11) NOT NULL,
  `resolucion` int(11) NOT NULL,
  `lenguaje` int(11) NOT NULL,
  `fuente` int(11) NOT NULL,
  `contraste` int(11) NOT NULL,
  `idioma` int(11) NOT NULL
) ENGINE=InnoDB DEFAULT CHARSET=utf8mb4;

--
-- Volcado de datos para la tabla `accesibilidad`
--

INSERT INTO `accesibilidad` (`id`, `resolucion`, `lenguaje`, `fuente`, `contraste`, `idioma`) VALUES
(1, 7, 7, 7, 7, 7),
(2, 10, 10, 10, 10, 10),
(3, 5, 10, 10, 10, 10),
(4, 10, 10, 10, 10, 10),
(5, 10, 10, 10, 10, 10),
(6, 10, 10, 10, 10, 10),
(7, 5, 10, 7, 10, 10),
(8, 10, 5, 3, 10, 10),
(9, 10, 10, 10, 10, 10),
(10, 10, 10, 10, 10, 10),
(11, 4, 10, 4, 10, 10),
(12, 7, 5, 3, 10, 10),
(13, 10, 6, 5, 10, 10),
(14, 10, 10, 10, 10, 10),
(15, 10, 10, 10, 10, 10),
(16, 7, 10, 4, 10, 10),
(17, 0, 0, 0, 0, 0),
(18, 0, 0, 0, 0, 0),
(19, 1, 2, 1, 10, 10),
(20, 2, 10, 1, 3, 2),
(21, 1, 1, 1, 1, 1),
(22, 10, 10, 10, 10, 10),
(23, 10, 10, 10, 10, 10),
(24, 10, 10, 10, 10, 10),
(25, 10, 10, 10, 10, 10),
(26, 10, 10, 10, 10, 10),
(27, 10, 10, 10, 10, 10),
(28, 10, 10, 10, 10, 10),
(29, 10, 10, 10, 10, 10),
(30, 10, 10, 10, 10, 10),
(31, 10, 10, 10, 10, 10),
(32, 10, 10, 10, 10, 10),
(33, 10, 10, 10, 10, 10),
(34, 10, 10, 10, 10, 10),
(35, 10, 10, 10, 10, 10),
(36, 10, 10, 10, 10, 10),
(37, 10, 10, 10, 10, 10),
(38, 10, 10, 10, 10, 10),
(39, 1, 1, 1, 1, 1),
(40, 10, 10, 10, 10, 10),
(41, 10, 10, 10, 10, 10),
(42, 1, 10, 1, 10, 10),
(43, 1, 10, 10, 10, 1),
(44, 10, 10, 10, 10, 10),
(45, 10, 10, 10, 10, 10),
(46, 10, 10, 10, 10, 10),
(47, 10, 10, 10, 10, 10),
(48, 10, 10, 10, 10, 10),
(49, 10, 10, 10, 10, 10),
(50, 10, 10, 10, 10, 10),
(51, 10, 10, 10, 10, 10),
(52, 10, 10, 10, 10, 10),
(53, 10, 10, 10, 10, 10),
(54, 10, 10, 10, 10, 10);

-- --------------------------------------------------------

--
-- Estructura de tabla para la tabla `administrador`
--

CREATE TABLE `administrador` (
  `id` int(11) NOT NULL,
  `nombre` text NOT NULL,
  `telefono` text NOT NULL,
  `correo` text NOT NULL,
  `contraseña` text NOT NULL
) ENGINE=InnoDB DEFAULT CHARSET=utf8mb4;

--
-- Volcado de datos para la tabla `administrador`
--

INSERT INTO `administrador` (`id`, `nombre`, `telefono`, `correo`, `contraseña`) VALUES
(2, 'cesar', 'cesar', 'cesar@hotmail.com', 'cesar'),
(4, 'administrador', '6', 'admin', 'admin'),
(5, '', '', '', '');

-- --------------------------------------------------------

--
-- Estructura de tabla para la tabla `asignarresportes`
--

CREATE TABLE `asignarresportes` (
  `id` int(11) NOT NULL,
  `evaluador` int(11) NOT NULL,
  `listaaplicaciones` int(11) NOT NULL,
  `administrador` int(11) NOT NULL
) ENGINE=InnoDB DEFAULT CHARSET=utf8mb4;

--
-- Volcado de datos para la tabla `asignarresportes`
--

INSERT INTO `asignarresportes` (`id`, `evaluador`, `listaaplicaciones`, `administrador`) VALUES
(14, 2, 819, 4),
(15, 4, 826, 4),
(16, 2, 829, 2),
(17, 4, 829, 4),
(18, 5, 826, 4);

-- --------------------------------------------------------

--
-- Estructura de tabla para la tabla `bateria`
--

CREATE TABLE `bateria` (
  `id` int(11) NOT NULL,
  `iniciobateria` int(11) NOT NULL,
  `finalbateria` int(11) NOT NULL,
  `calculobateria` int(11) NOT NULL
) ENGINE=InnoDB DEFAULT CHARSET=utf8mb4;

--
-- Volcado de datos para la tabla `bateria`
--

INSERT INTO `bateria` (`id`, `iniciobateria`, `finalbateria`, `calculobateria`) VALUES
(1, 2, 2, 2),
(2, 0, 0, 0),
(3, 3, 3, 10),
(4, 3, 3, 5),
(5, 3, 3, 10),
(6, 3, 3, 10),
(7, 3, 3, 10),
(8, 3, 3, 10),
(9, 3, 3, 10),
(10, 3, 3, 1),
(11, 2, 2, 2),
(12, 2, 2, 2),
(13, 2, 2, 2),
(14, 2, 2, 2),
(15, 2, 2, 2),
(16, 2, 2, 2),
(17, 2, 2, 2),
(18, 2, 2, 2),
(19, 2, 2, 2),
(20, 2, 2, 2),
(21, 2, 2, 2),
(22, 2, 2, 2),
(23, 0, 0, 0),
(24, 3, 3, 10),
(25, 3, 3, 10),
(26, 3, 3, 10),
(27, 3, 3, 10),
(28, 3, 3, 10),
(29, 3, 3, 10),
(30, 3, 3, 10),
(31, 3, 3, 10),
(32, 3, 3, 10),
(33, 3, 3, 10),
(34, 3, 3, 10),
(35, 3, 3, 10),
(36, 3, 3, 10),
(37, 3, 3, 10),
(38, 3, 3, 10),
(39, 3, 3, 10),
(40, 3, 3, 10),
(41, 3, 3, 10),
(42, 3, 3, 10),
(43, 3, 3, 10),
(44, 3, 3, 10),
(45, 3, 3, 10),
(46, 3, 3, 10),
(47, 3, 3, 10),
(48, 3, 3, 10),
(49, 3, 3, 10),
(50, 3, 3, 10),
(51, 3, 3, 5),
(52, 0, 0, 0),
(53, 0, 0, 0),
(54, 3, 3, 10),
(55, 3, 3, 10),
(56, 3, 3, 10),
(57, 3, 3, 10),
(58, 3, 3, 10),
(59, 3, 3, 10),
(60, 3, 3, 10),
(61, 3, 3, 10),
(62, 3, 3, 1),
(63, 3, 3, 10),
(64, 3, 3, 10),
(65, 3, 3, 10),
(66, 3, 3, 10),
(67, 3, 3, 10),
(68, 3, 3, 10),
(69, 3, 3, 10),
(70, 3, 3, 10),
(71, 3, 3, 10),
(72, 3, 3, 10),
(73, 3, 3, 10),
(74, 3, 3, 10),
(75, 3, 3, 10),
(76, 3, 3, 10),
(77, 3, 3, 10),
(78, 3, 3, 10),
(79, 3, 3, 10),
(80, 3, 3, 10),
(81, 3, 3, 10),
(82, 3, 3, 10),
(83, 3, 3, 10),
(84, 3, 3, 10),
(85, 3, 3, 10),
(86, 3, 3, 10),
(87, 3, 3, 10),
(88, 3, 3, 10),
(89, 3, 3, 10),
(90, 3, 3, 10),
(91, 3, 3, 10),
(92, 3, 3, 10),
(93, 3, 3, 1),
(94, 3, 3, 10),
(95, 3, 3, 10),
(96, 3, 3, 10),
(97, 3, 3, 1),
(98, 3, 3, 10),
(99, 3, 3, 10),
(100, 3, 3, 10),
(101, 3, 3, 10),
(102, 3, 3, 10),
(103, 3, 3, 10),
(104, 3, 3, 10),
(105, 3, 3, 10),
(106, 3, 3, 10),
(107, 3, 3, 10),
(108, 5555, -31, -62),
(109, 5555, -31, -62),
(110, 5555, -31, -63),
(111, 5555, -31, -63),
(112, 5555, -32, -64),
(113, 5555, 0, 0),
(114, 5555, -33, -66),
(115, 5555, -33, -67),
(116, 5555, -34, -69),
(117, 5555, -34, -69),
(118, 5555, 0, 0),
(119, 5555, 0, 0),
(120, 100, 100, 10),
(121, 100, 100, 10),
(122, 100, 100, 10),
(123, 100, 100, 10),
(124, 100, 100, 10),
(125, 100, 100, 10),
(126, 100, 100, 10),
(127, 100, 100, 10),
(128, 100, 100, 10);

-- --------------------------------------------------------

--
-- Estructura de tabla para la tabla `cargacognitiva`
--

CREATE TABLE `cargacognitiva` (
  `id` int(11) NOT NULL,
  `usosimultaneo` int(11) NOT NULL,
  `calculoderelevancia` float NOT NULL
) ENGINE=InnoDB DEFAULT CHARSET=utf8mb4;

--
-- Volcado de datos para la tabla `cargacognitiva`
--

INSERT INTO `cargacognitiva` (`id`, `usosimultaneo`, `calculoderelevancia`) VALUES
(1, 2, 1),
(2, 3, 1),
(3, 4, 0),
(4, 6, 0.970874),
(5, 7, 0.802311),
(6, 8, 0.970874),
(7, 9, 0.970874),
(8, 10, 0.970874),
(9, 11, 0.796117),
(10, 12, 0.708738),
(11, 13, 0.834952),
(12, 14, 0.970874),
(13, 15, 0.970874),
(14, 16, 0.776699),
(15, 17, 0),
(16, 18, 0),
(17, 19, 0.621359),
(18, 20, 0.330097),
(19, 21, 0.0970874),
(20, 22, 0.970874),
(21, 23, 0.970874),
(22, 24, 0.970874),
(23, 25, 0.970874),
(24, 26, 0.970874),
(25, 27, 0.970874),
(26, 28, 0.970874),
(27, 29, 0.970874),
(28, 30, 0.970874),
(29, 31, 0.970874),
(30, 32, 0.970874),
(31, 33, 0.970874),
(32, 34, 0.970874),
(33, 35, 0.970874),
(34, 36, 0.970874),
(35, 37, 0.970874),
(36, 38, 0.970874),
(37, 39, 0.0970874),
(38, 40, 0.970874),
(39, 41, 0.970874),
(40, 42, 0.533981),
(41, 43, 0.533981),
(42, 44, 0.970874),
(43, 45, 0.970874),
(44, 46, 0.970874),
(45, 47, 0.970874),
(46, 48, 0.970874),
(47, 49, 0.970874),
(48, 50, 0.970874),
(49, 51, 0.970874),
(50, 52, 0.970874),
(51, 53, 0.970874),
(52, 54, 0.970874);

-- --------------------------------------------------------

--
-- Estructura de tabla para la tabla `comprensibilidad`
--

CREATE TABLE `comprensibilidad` (
  `id` int(11) NOT NULL,
  `rapidez` int(11) NOT NULL,
  `dificultad` int(11) NOT NULL,
  `aprendizaje` int(11) NOT NULL,
  `facilidad` int(11) NOT NULL
) ENGINE=InnoDB DEFAULT CHARSET=utf8mb4;

--
-- Volcado de datos para la tabla `comprensibilidad`
--

INSERT INTO `comprensibilidad` (`id`, `rapidez`, `dificultad`, `aprendizaje`, `facilidad`) VALUES
(1, 3, 3, 3, 3),
(2, 10, 10, 10, 10),
(3, 10, 10, 10, 10),
(4, 10, 9, 10, 10),
(5, 10, 10, 10, 10),
(6, 10, 10, 10, 10),
(7, 10, 10, 10, 10),
(8, 10, 10, 10, 10),
(9, 10, 10, 10, 10),
(10, 10, 10, 10, 10),
(11, 10, 10, 10, 10),
(12, 4, 10, 10, 10),
(13, 10, 7, 10, 10),
(14, 10, 10, 10, 10),
(15, 10, 10, 10, 10),
(16, 10, 10, 10, 10),
(17, 10, 5, 10, 10),
(18, 6, 10, 3, 10),
(19, 10, 10, 10, 10),
(20, 10, 10, 10, 10),
(21, 10, 10, 10, 10),
(22, 10, 10, 10, 10),
(23, 10, 10, 10, 10),
(24, 10, 10, 10, 10),
(25, 8, 7, 7, 4),
(26, 0, 0, 0, 0),
(27, 0, 0, 0, 0),
(28, 1, 1, 1, 10),
(29, 2, 3, 1, 10),
(30, 1, 1, 1, 1),
(31, 10, 10, 10, 10),
(32, 10, 10, 10, 10),
(33, 10, 10, 10, 10),
(34, 10, 10, 10, 10),
(35, 10, 10, 10, 10),
(36, 10, 10, 10, 10),
(37, 10, 10, 10, 10),
(38, 10, 10, 10, 10),
(39, 10, 10, 10, 10),
(40, 10, 10, 10, 10),
(41, 10, 10, 10, 10),
(42, 10, 10, 10, 10),
(43, 10, 10, 10, 10),
(44, 10, 10, 10, 10),
(45, 10, 10, 10, 10),
(46, 10, 10, 10, 10),
(47, 10, 10, 10, 10),
(48, 1, 1, 1, 1),
(49, 10, 10, 10, 10),
(50, 10, 10, 10, 10),
(51, 10, 6, 7, 10),
(52, 1, 1, 10, 1),
(53, 10, 10, 10, 10),
(54, 10, 10, 10, 10),
(55, 10, 10, 10, 10),
(56, 10, 10, 10, 10),
(57, 10, 10, 10, 10),
(58, 10, 10, 10, 10),
(59, 10, 10, 10, 10),
(60, 10, 10, 10, 10),
(61, 10, 10, 10, 10),
(62, 10, 10, 10, 10),
(63, 10, 10, 10, 10),
(64, 10, 10, 10, 10),
(65, 10, 10, 10, 10);

-- --------------------------------------------------------

--
-- Estructura de tabla para la tabla `costoeconomico`
--

CREATE TABLE `costoeconomico` (
  `id` int(11) NOT NULL,
  `costototal` int(11) NOT NULL
) ENGINE=InnoDB DEFAULT CHARSET=utf8mb4;

--
-- Volcado de datos para la tabla `costoeconomico`
--

INSERT INTO `costoeconomico` (`id`, `costototal`) VALUES
(1, 2),
(2, 0),
(3, 10),
(4, 5),
(5, 10),
(6, 10),
(7, 10),
(8, 10),
(9, 10),
(10, 1),
(11, 2),
(12, 2),
(13, 2),
(14, 2),
(15, 2),
(16, 2),
(17, 2),
(18, 2),
(19, 2),
(20, 2),
(21, 2),
(22, 2),
(23, 0),
(24, 10),
(25, 10),
(26, 10),
(27, 10),
(28, 10),
(29, 10),
(30, 1),
(31, 10),
(32, 10),
(33, 10),
(34, 1),
(35, 1),
(36, 10),
(37, 10),
(38, 10),
(39, 0),
(40, 0),
(41, 0),
(42, 0),
(43, 0),
(44, 0),
(45, 0),
(46, 0),
(47, 0),
(48, 0),
(49, 0),
(50, 0),
(51, 0),
(52, 0),
(53, 0),
(54, 0),
(55, 0),
(56, 0),
(57, 0),
(58, 0),
(59, 0),
(60, 0),
(61, 0),
(62, 0),
(63, 0),
(64, 0),
(65, 0),
(66, 0),
(67, 0),
(68, 0),
(69, 0),
(70, 0),
(71, 0),
(72, 0),
(73, 0),
(74, 0),
(75, 0),
(76, 0),
(77, 0),
(78, 0),
(79, 0),
(80, 0),
(81, 0),
(82, 0),
(83, 0),
(84, 0),
(85, 0),
(86, 0),
(87, 0),
(88, 0),
(89, 0),
(90, 0),
(91, 0),
(92, 0),
(93, 0),
(94, 0),
(95, 0),
(96, 0),
(97, 0),
(98, 0),
(99, 0),
(100, 0),
(101, 0),
(102, 0),
(103, 0),
(104, 0),
(105, 0),
(106, 0),
(107, 0),
(108, 0),
(109, 0),
(110, 0),
(111, 0),
(112, 0),
(113, 0),
(114, 0),
(115, 0),
(116, 0),
(117, 10),
(118, 10),
(119, 10),
(120, 10),
(121, 10),
(122, 10),
(123, 10),
(124, 10),
(125, 10);

-- --------------------------------------------------------

--
-- Estructura de tabla para la tabla `cpu`
--

CREATE TABLE `cpu` (
  `id` int(11) NOT NULL,
  `consumocpu` int(11) NOT NULL,
  `consumomedcpu` int(11) NOT NULL,
  `consumomaxcpu` int(11) NOT NULL,
  `calculocpu` int(11) NOT NULL
) ENGINE=InnoDB DEFAULT CHARSET=utf8mb4;

--
-- Volcado de datos para la tabla `cpu`
--

INSERT INTO `cpu` (`id`, `consumocpu`, `consumomedcpu`, `consumomaxcpu`, `calculocpu`) VALUES
(1, 2, 2, 2, 2),
(2, 0, 0, 0, 0),
(3, 3, 3, 3, 10),
(4, 3, 3, 3, 5),
(5, 3, 3, 3, 10),
(6, 3, 3, 3, 10),
(7, 3, 3, 3, 10),
(8, 3, 3, 3, 10),
(9, 3, 3, 3, 10),
(10, 3, 3, 3, 1),
(11, 2, 2, 2, 2),
(12, 2, 2, 2, 2),
(13, 2, 2, 2, 2),
(14, 2, 2, 2, 2),
(15, 2, 2, 2, 2),
(16, 2, 2, 2, 2),
(17, 2, 2, 2, 2),
(18, 2, 2, 2, 2),
(19, 2, 2, 2, 2),
(20, 2, 2, 2, 2),
(21, 2, 2, 2, 2),
(22, 2, 2, 2, 2),
(23, 0, 0, 0, 0),
(24, 3, 3, 3, 10),
(25, 3, 3, 3, 10),
(26, 3, 3, 3, 10),
(27, 3, 3, 3, 10),
(28, 3, 3, 3, 10),
(29, 3, 3, 3, 10),
(30, 3, 3, 3, 10),
(31, 3, 3, 3, 10),
(32, 3, 3, 3, 10),
(33, 3, 3, 3, 10),
(34, 3, 3, 3, 10),
(35, 3, 3, 3, 10),
(36, 3, 3, 3, 10),
(37, 3, 3, 3, 10),
(38, 3, 3, 3, 10),
(39, 3, 3, 3, 10),
(40, 3, 3, 3, 10),
(41, 3, 3, 3, 10),
(42, 3, 3, 3, 10),
(43, 3, 3, 3, 10),
(44, 3, 3, 3, 10),
(45, 3, 3, 3, 5),
(46, 3, 3, 3, 10),
(47, 3, 3, 3, 10),
(48, 3, 3, 3, 10),
(49, 3, 3, 3, 10),
(50, 3, 3, 3, 10),
(51, 3, 3, 3, 10),
(52, 0, 0, 0, 0),
(53, 0, 0, 0, 0),
(54, 3, 3, 3, 10),
(55, 3, 3, 3, 10),
(56, 3, 3, 3, 10),
(57, 3, 3, 3, 10),
(58, 3, 3, 3, 10),
(59, 3, 3, 3, 10),
(60, 3, 3, 3, 10),
(61, 3, 3, 3, 1),
(62, 3, 3, 3, 1),
(63, 3, 3, 3, 10),
(64, 3, 3, 3, 10),
(65, 3, 3, 3, 10),
(66, 3, 3, 3, 10),
(67, 3, 3, 3, 10),
(68, 3, 3, 3, 10),
(69, 3, 3, 3, 10),
(70, 3, 3, 3, 10),
(71, 3, 3, 3, 10),
(72, 3, 3, 3, 10),
(73, 3, 3, 3, 10),
(74, 3, 3, 3, 10),
(75, 3, 3, 3, 10),
(76, 3, 3, 3, 10),
(77, 3, 3, 3, 10),
(78, 3, 3, 3, 10),
(79, 3, 3, 3, 10),
(80, 3, 3, 3, 10),
(81, 3, 3, 3, 10),
(82, 3, 3, 3, 10),
(83, 3, 3, 3, 10),
(84, 3, 3, 3, 10),
(85, 3, 3, 3, 10),
(86, 3, 3, 3, 10),
(87, 3, 3, 3, 10),
(88, 3, 3, 3, 10),
(89, 3, 3, 3, 10),
(90, 3, 3, 3, 10),
(91, 3, 3, 3, 10),
(92, 3, 3, 3, 10),
(93, 3, 3, 3, 1),
(94, 3, 3, 3, 10),
(95, 3, 3, 3, 10),
(96, 3, 3, 3, 10),
(97, 3, 3, 3, 1),
(98, 3, 3, 3, 10),
(99, 3, 3, 3, 10),
(100, 3, 3, 3, 10),
(101, 3, 3, 3, 10),
(102, 3, 3, 3, 10),
(103, 3, 3, 3, 10),
(104, 3, 3, 3, 10),
(105, 3, 3, 3, 10),
(106, 3, 3, 3, 10),
(107, 3, 3, 3, 10),
(108, 730, 48, 100, 48),
(109, 730, 48, 100, 48),
(110, 1194, 70, 100, 70),
(111, 180, 45, 56, 45),
(112, 378, 94, 100, 94),
(113, 834, 55, 100, 55),
(114, 124, 41, 56, 41),
(115, 225, 45, 89, 45),
(116, 161, 80, 89, 80),
(117, 94, 47, 47, 47),
(118, 1043, 54, 100, 54),
(119, 12920, 57, 100, 57),
(120, 0, 0, 0, 10),
(121, 0, 0, 0, 10),
(122, 0, 0, 0, 10),
(123, 0, 0, 0, 10),
(124, 0, 0, 0, 10),
(125, 0, 0, 0, 10),
(126, 0, 0, 0, 10),
(127, 0, 0, 0, 10),
(128, 0, 0, 0, 10);

-- --------------------------------------------------------

--
-- Estructura de tabla para la tabla `cumplimientotarea`
--

CREATE TABLE `cumplimientotarea` (
  `id` int(11) NOT NULL,
  `efectividadtarea` int(11) NOT NULL,
  `tiempocompletar` int(11) NOT NULL
) ENGINE=InnoDB DEFAULT CHARSET=utf8mb4;

--
-- Volcado de datos para la tabla `cumplimientotarea`
--

INSERT INTO `cumplimientotarea` (`id`, `efectividadtarea`, `tiempocompletar`) VALUES
(1, 7, 4),
(2, 8, 5),
(3, 9, 6),
(4, 10, 7),
(5, 11, 8),
(6, 12, 9),
(7, 13, 10),
(8, 14, 11),
(9, 15, 12),
(10, 16, 13),
(11, 17, 14),
(12, 18, 15),
(13, 19, 16),
(14, 20, 17),
(15, 21, 18),
(16, 22, 19),
(17, 23, 20),
(18, 24, 21),
(19, 25, 22),
(20, 26, 23),
(21, 27, 24),
(22, 28, 25),
(23, 29, 26),
(24, 30, 27),
(25, 31, 28),
(26, 32, 29),
(27, 33, 30),
(28, 34, 31),
(29, 35, 32),
(30, 36, 33),
(31, 37, 34),
(32, 38, 35),
(33, 39, 36),
(34, 40, 37),
(35, 41, 38),
(36, 42, 39),
(37, 44, 41),
(38, 43, 40),
(39, 45, 42),
(40, 46, 43),
(41, 47, 44),
(42, 48, 45),
(43, 49, 46),
(44, 50, 47),
(45, 51, 48),
(46, 52, 49),
(47, 53, 50),
(48, 54, 51),
(49, 55, 52),
(50, 56, 53),
(51, 57, 54),
(52, 58, 55),
(53, 59, 56),
(54, 60, 57),
(55, 61, 58),
(56, 62, 59),
(57, 63, 60),
(58, 64, 61),
(59, 65, 62),
(60, 66, 63),
(61, 67, 64),
(62, 68, 65),
(63, 69, 66),
(64, 70, 67),
(65, 71, 68),
(66, 72, 69),
(67, 73, 70),
(68, 74, 71),
(69, 75, 72),
(70, 76, 73),
(71, 77, 74),
(72, 78, 75),
(73, 79, 76),
(74, 80, 77),
(75, 81, 78),
(76, 82, 79),
(77, 83, 80),
(78, 84, 81),
(79, 85, 82);

-- --------------------------------------------------------

--
-- Estructura de tabla para la tabla `efectividadtarea`
--

CREATE TABLE `efectividadtarea` (
  `id` int(11) NOT NULL,
  `calculoefectividad` int(11) NOT NULL,
  `numerofaltas` int(11) NOT NULL
) ENGINE=InnoDB DEFAULT CHARSET=utf8mb4;

--
-- Volcado de datos para la tabla `efectividadtarea`
--

INSERT INTO `efectividadtarea` (`id`, `calculoefectividad`, `numerofaltas`) VALUES
(1, 0, 0),
(2, 7, 8),
(3, 7, 8),
(4, 7, 8),
(5, 9, 10),
(6, 1, 2),
(7, 9, 10),
(8, 9, 10),
(9, 8, 9),
(10, 9, 10),
(11, 9, 10),
(12, 9, 10),
(13, 9, 10),
(14, 9, 10),
(15, 2, 3),
(16, 9, 10),
(17, 9, 10),
(18, 9, 10),
(19, 5, 6),
(20, 9, 10),
(21, 9, 10),
(22, 9, 10),
(23, 9, 10),
(24, 9, 10),
(25, 9, 10),
(26, 9, 10),
(27, 9, 10),
(28, 9, 10),
(29, 3, 4),
(30, 9, 10),
(31, 9, 10),
(32, 9, 10),
(33, 9, 10),
(34, 9, 10),
(35, 2, 3),
(36, 0, 0),
(37, 0, 0),
(38, 0, 1),
(39, 1, 2),
(40, 0, 1),
(41, 9, 10),
(42, 9, 10),
(43, 9, 10),
(44, 9, 10),
(45, 9, 10),
(46, 9, 10),
(47, 9, 10),
(48, 9, 10),
(49, 9, 10),
(50, 9, 10),
(51, 9, 10),
(52, 9, 10),
(53, 9, 10),
(54, 9, 10),
(55, 9, 10),
(56, 9, 10),
(57, 9, 10),
(58, 9, 10),
(59, 9, 10),
(60, 9, 10),
(61, 9, 10),
(62, 9, 10),
(63, 9, 10),
(64, 9, 10),
(65, 0, 1),
(66, 9, 10),
(67, 9, 10),
(68, 9, 10),
(69, 9, 10),
(70, 9, 10),
(71, 0, 1),
(72, 9, 10),
(73, 9, 10),
(74, 9, 10),
(75, 9, 10),
(76, 9, 10),
(77, 9, 10),
(78, 9, 10),
(79, 9, 10),
(80, 9, 10),
(81, 9, 10),
(82, 9, 10),
(83, 9, 10),
(84, 9, 10),
(85, 9, 10);

-- --------------------------------------------------------

--
-- Estructura de tabla para la tabla `eficacia`
--

CREATE TABLE `eficacia` (
  `id` int(11) NOT NULL,
  `terminaciontareas` int(11) NOT NULL,
  `cumpliminentotarea` int(11) NOT NULL,
  `calculoderelevancia` float NOT NULL,
  `extensibilidad` int(11) NOT NULL,
  `reusabilidad` int(11) NOT NULL,
  `escalabilidad` int(11) NOT NULL
) ENGINE=InnoDB DEFAULT CHARSET=utf8mb4;

--
-- Volcado de datos para la tabla `eficacia`
--

INSERT INTO `eficacia` (`id`, `terminaciontareas`, `cumpliminentotarea`, `calculoderelevancia`, `extensibilidad`, `reusabilidad`, `escalabilidad`) VALUES
(1, 7, 1, 1, 7, 7, 7),
(2, 8, 2, 1, 8, 8, 8),
(3, 9, 3, 1, 9, 9, 9),
(4, 10, 4, 1, 10, 10, 10),
(5, 11, 5, 1, 11, 11, 11),
(6, 12, 6, 0, 12, 12, 12),
(7, 13, 7, 0, 13, 13, 13),
(8, 14, 8, 1, 14, 14, 14),
(9, 15, 9, 0, 15, 15, 15),
(10, 16, 10, 1, 16, 16, 16),
(11, 17, 11, 0.543689, 17, 17, 17),
(12, 18, 12, 0.543689, 18, 18, 18),
(13, 19, 13, 0.456311, 19, 19, 19),
(14, 20, 14, 0.543689, 20, 20, 20),
(15, 21, 15, 0.543689, 21, 21, 21),
(16, 22, 16, 0.538835, 22, 22, 22),
(17, 23, 17, 0.466019, 23, 23, 23),
(18, 24, 18, 0.543689, 24, 24, 24),
(19, 25, 19, 0.543689, 25, 25, 25),
(20, 26, 20, 0.543689, 26, 26, 26),
(21, 27, 21, 0.543689, 27, 27, 27),
(22, 28, 22, 0.543689, 28, 28, 28),
(23, 29, 23, 0.466019, 29, 29, 29),
(24, 30, 24, 0.543689, 30, 30, 30),
(25, 31, 25, 0.543689, 31, 31, 31),
(26, 34, 28, 0.543689, 34, 34, 34),
(27, 32, 26, 0.543689, 32, 32, 32),
(28, 33, 27, 0.543689, 33, 33, 33),
(29, 35, 29, 0.432039, 35, 35, 35),
(30, 36, 30, 0, 36, 36, 36),
(31, 37, 31, 0, 37, 37, 37),
(32, 38, 32, 0.349515, 38, 38, 38),
(33, 39, 33, 0.359223, 39, 39, 39),
(34, 40, 34, 0.0631068, 40, 40, 40),
(35, 41, 35, 0.543689, 41, 41, 41),
(36, 42, 36, 0.543689, 42, 42, 42),
(37, 44, 37, 0.543689, 44, 46, 43),
(38, 45, 39, 0.543689, 45, 44, 45),
(39, 43, 38, 0.543689, 43, 43, 44),
(40, 46, 40, 0.543689, 46, 45, 46),
(41, 47, 41, 0.543689, 47, 47, 47),
(42, 48, 42, 0.543689, 48, 48, 48),
(43, 49, 43, 0.543689, 49, 49, 49),
(44, 50, 44, 0.543689, 50, 50, 50),
(45, 51, 45, 0.543689, 51, 51, 51),
(46, 52, 46, 0.543689, 52, 52, 52),
(47, 53, 47, 0.543689, 53, 53, 53),
(48, 54, 48, 0.543689, 54, 54, 54),
(49, 55, 49, 0.543689, 55, 55, 55),
(50, 56, 50, 0.543689, 56, 56, 56),
(51, 57, 51, 0.543689, 57, 57, 57),
(52, 58, 52, 0.543689, 58, 58, 58),
(53, 59, 53, 0.543689, 59, 59, 59),
(54, 60, 54, 0.543689, 60, 60, 60),
(55, 61, 55, 0.543689, 61, 61, 61),
(56, 62, 56, 0.543689, 62, 62, 62),
(57, 63, 57, 0.543689, 63, 63, 63),
(58, 64, 58, 0.543689, 64, 64, 64),
(59, 65, 59, 0.0631068, 65, 65, 65),
(60, 66, 60, 0.543689, 66, 66, 66),
(61, 67, 61, 0.543689, 67, 67, 67),
(62, 68, 62, 0.446602, 68, 68, 68),
(63, 69, 63, 0.446602, 69, 69, 69),
(64, 70, 64, 0.446602, 70, 70, 70),
(65, 71, 65, 0.237864, 71, 71, 71),
(66, 72, 66, 0.543689, 72, 72, 72),
(67, 73, 67, 0.543689, 73, 73, 73),
(68, 74, 68, 0.543689, 74, 74, 74),
(69, 75, 69, 0.543689, 75, 75, 75),
(70, 76, 70, 0.543689, 76, 76, 76),
(71, 77, 71, 0.543689, 77, 77, 77),
(72, 78, 72, 0.543689, 78, 78, 78),
(73, 79, 73, 0.543689, 79, 79, 79),
(74, 80, 74, 0.543689, 80, 80, 80),
(75, 81, 75, 0.543689, 81, 81, 81),
(76, 82, 76, 0.543689, 82, 82, 82),
(77, 83, 77, 0.543689, 83, 83, 83),
(78, 84, 78, 0.543689, 84, 84, 84),
(79, 85, 79, 0.543689, 85, 85, 85);

-- --------------------------------------------------------

--
-- Estructura de tabla para la tabla `eficiencia`
--

CREATE TABLE `eficiencia` (
  `id` int(11) NOT NULL,
  `recursos` int(11) NOT NULL,
  `esfuerzo` int(11) NOT NULL,
  `costoeconomico` int(11) NOT NULL,
  `calculoderelevancia` float NOT NULL
) ENGINE=InnoDB DEFAULT CHARSET=utf8mb4;

--
-- Volcado de datos para la tabla `eficiencia`
--

INSERT INTO `eficiencia` (`id`, `recursos`, `esfuerzo`, `costoeconomico`, `calculoderelevancia`) VALUES
(1, 10, 22, 22, 1),
(2, 11, 23, 23, 1),
(3, 12, 24, 24, 1),
(4, 13, 25, 25, 1),
(5, 14, 26, 26, 1),
(6, 15, 27, 27, 1),
(7, 16, 28, 28, 1),
(8, 17, 29, 29, 1),
(9, 18, 30, 30, 1),
(10, 19, 31, 31, 1),
(11, 20, 32, 32, 1),
(12, 21, 33, 33, 1),
(16, 25, 37, 34, 1),
(17, 26, 38, 35, 1),
(18, 27, 39, 36, 1),
(19, 28, 40, 37, 0.236),
(20, 29, 41, 38, 0),
(21, 30, 42, 39, 0.679612),
(22, 31, 43, 40, 0.679612),
(23, 32, 44, 41, 0.679612),
(24, 33, 45, 42, 0.514563),
(25, 34, 46, 43, 0.679612),
(26, 35, 47, 44, 0.679612),
(27, 36, 48, 45, 0.679612),
(28, 37, 49, 46, 0.679612),
(29, 38, 50, 47, 0.679612),
(30, 39, 51, 48, 0.446602),
(31, 40, 52, 49, 0),
(32, 41, 53, 50, 0),
(33, 42, 54, 51, 0.679612),
(34, 43, 55, 52, 0.631068),
(35, 44, 56, 53, 0.679612),
(36, 45, 57, 54, 0.679612),
(37, 46, 58, 55, 0.679612),
(38, 47, 59, 56, 0.679612),
(39, 48, 60, 57, 0.524272),
(40, 49, 61, 58, 0.330097),
(41, 50, 62, 59, 0.0970874),
(42, 51, 63, 60, 0.679612),
(43, 52, 64, 61, 0.679612),
(44, 53, 67, 64, 0.679612),
(45, 54, 66, 62, 0.679612),
(46, 55, 65, 63, 0.679612),
(47, 56, 68, 65, 0.679612),
(48, 59, 71, 68, 0.679612),
(49, 57, 70, 66, 0.679612),
(50, 58, 69, 67, 0.679612),
(51, 60, 72, 69, 0.679612),
(52, 61, 73, 70, 0.679612),
(53, 62, 74, 71, 0.679612),
(54, 63, 76, 73, 0.679612),
(55, 64, 75, 72, 0.679612),
(56, 65, 77, 74, 0.679612),
(57, 66, 78, 75, 0.679612),
(58, 67, 79, 76, 0.679612),
(59, 68, 80, 77, 0.679612),
(60, 69, 81, 78, 0.679612),
(61, 70, 82, 79, 0.679612),
(62, 71, 83, 80, 0.679612),
(63, 72, 84, 81, 0.679612),
(64, 73, 85, 82, 0.679612),
(65, 74, 86, 83, 0.679612),
(66, 75, 87, 84, 0.679612),
(67, 76, 88, 85, 0.679612),
(68, 77, 90, 87, 0.679612),
(69, 78, 91, 88, 0.679612),
(70, 79, 89, 86, 0.679612),
(71, 80, 92, 89, 0.679612),
(72, 81, 93, 90, 0.0970874),
(73, 82, 94, 91, 0.679612),
(74, 83, 95, 92, 0.679612),
(75, 84, 96, 93, 0.679612),
(76, 85, 97, 94, 0.446602),
(77, 86, 98, 95, 0.679612),
(78, 87, 99, 96, 0.679612),
(79, 88, 100, 97, 0.679612),
(80, 89, 101, 98, 0.679612),
(81, 90, 102, 99, 0.679612),
(82, 91, 103, 100, 0.582524),
(83, 92, 104, 101, 0.582524),
(84, 93, 105, 102, 0.582524),
(85, 94, 106, 103, 0.582524),
(86, 95, 107, 104, 0.582524),
(87, 96, 108, 105, 2.13592),
(88, 97, 109, 106, 2.13592),
(89, 98, 110, 107, 2.53398),
(90, 99, 111, 108, 2.02913),
(91, 100, 112, 109, 2.97087),
(92, 101, 113, 110, 2.82524),
(93, 102, 114, 111, 1.92233),
(94, 103, 115, 112, 2),
(95, 104, 116, 113, 2.65049),
(96, 105, 117, 114, 2.02913),
(97, 106, 118, 115, 2.82524),
(98, 107, 119, 116, 3),
(99, 108, 120, 117, 0.703884),
(100, 109, 121, 118, 0.703884),
(101, 110, 122, 119, 0.703884),
(102, 111, 123, 120, 0.703884),
(103, 112, 124, 121, 0.703884),
(104, 113, 125, 122, 0.703884),
(105, 114, 126, 123, 0.703884),
(106, 115, 127, 124, 0.703884),
(107, 116, 128, 125, 0.703884);

-- --------------------------------------------------------

--
-- Estructura de tabla para la tabla `error`
--

CREATE TABLE `error` (
  `id` int(11) NOT NULL,
  `frecuenciaerrores` int(11) NOT NULL,
  `mensajes` int(11) NOT NULL,
  `prevencion` int(11) NOT NULL,
  `redundancia` int(11) NOT NULL,
  `enlaces` int(11) NOT NULL
) ENGINE=InnoDB DEFAULT CHARSET=utf8mb4;

--
-- Volcado de datos para la tabla `error`
--

INSERT INTO `error` (`id`, `frecuenciaerrores`, `mensajes`, `prevencion`, `redundancia`, `enlaces`) VALUES
(1, 1, 7, 7, 7, 7),
(4, 1, 6, 6, 6, 6),
(5, 5, 10, 10, 10, 10),
(6, 6, 10, 6, 10, 10),
(7, 7, 10, 10, 10, 10),
(8, 8, 10, 10, 10, 10),
(9, 9, 10, 10, 10, 10),
(10, 10, 10, 10, 10, 10),
(11, 11, 10, 10, 10, 10),
(12, 12, 10, 10, 10, 10),
(13, 13, 10, 10, 10, 10),
(14, 14, 10, 10, 10, 10),
(15, 15, 10, 10, 10, 10),
(16, 16, 10, 10, 10, 10),
(17, 17, 10, 10, 10, 10),
(18, 18, 10, 10, 10, 10),
(19, 19, 10, 10, 10, 10),
(20, 20, 0, 0, 0, 0),
(21, 21, 0, 0, 0, 0),
(22, 22, 7, 7, 7, 7),
(23, 23, 7, 7, 7, 7),
(24, 24, 10, 10, 4, 10),
(25, 25, 0, 0, 0, 0),
(26, 26, 7, 7, 7, 7),
(27, 27, 7, 7, 7, 7),
(28, 28, 10, 10, 10, 10),
(29, 29, 10, 10, 1, 1),
(30, 30, 1, 1, 1, 1),
(31, 31, 10, 10, 10, 10),
(32, 32, 10, 10, 10, 10),
(33, 33, 10, 10, 10, 10),
(34, 34, 10, 10, 10, 10),
(35, 35, 10, 10, 10, 10),
(36, 36, 10, 10, 10, 10),
(37, 37, 10, 10, 10, 10),
(38, 38, 10, 10, 10, 10),
(39, 39, 10, 10, 10, 10),
(40, 40, 10, 10, 10, 10),
(41, 41, 10, 10, 10, 10),
(42, 42, 10, 10, 10, 10),
(43, 43, 10, 10, 10, 10),
(44, 44, 10, 10, 10, 10),
(45, 45, 10, 10, 10, 10),
(46, 46, 10, 10, 10, 10),
(47, 47, 10, 10, 10, 10),
(48, 48, 1, 1, 1, 1),
(49, 49, 10, 10, 10, 10),
(50, 50, 10, 10, 10, 10),
(51, 51, 10, 10, 10, 10),
(52, 52, 1, 10, 1, 10),
(53, 53, 10, 10, 10, 10),
(54, 54, 10, 10, 10, 10),
(55, 55, 10, 10, 10, 10),
(56, 56, 10, 10, 10, 10),
(57, 57, 10, 10, 10, 10),
(58, 58, 10, 10, 10, 10),
(59, 59, 10, 10, 10, 10),
(60, 60, 10, 10, 10, 10),
(61, 61, 10, 10, 10, 10),
(62, 62, 10, 10, 10, 10),
(63, 63, 10, 10, 10, 10);

-- --------------------------------------------------------

--
-- Estructura de tabla para la tabla `escalabilidad`
--

CREATE TABLE `escalabilidad` (
  `id` int(11) NOT NULL,
  `calculoescalabilidad` int(11) NOT NULL
) ENGINE=InnoDB DEFAULT CHARSET=utf8mb4;

--
-- Volcado de datos para la tabla `escalabilidad`
--

INSERT INTO `escalabilidad` (`id`, `calculoescalabilidad`) VALUES
(1, 0),
(2, 9),
(3, 9),
(4, 9),
(5, 10),
(6, 2),
(7, 10),
(8, 10),
(9, 10),
(10, 10),
(11, 10),
(12, 10),
(13, 10),
(14, 10),
(15, 3),
(16, 10),
(17, 10),
(18, 10),
(19, 10),
(20, 10),
(21, 10),
(22, 10),
(23, 10),
(24, 10),
(25, 10),
(26, 10),
(27, 10),
(28, 10),
(29, 10),
(30, 10),
(31, 10),
(32, 10),
(33, 10),
(34, 10),
(35, 10),
(36, 0),
(37, 0),
(38, 10),
(39, 10),
(40, 1),
(41, 10),
(42, 10),
(43, 10),
(44, 10),
(45, 10),
(46, 10),
(47, 10),
(48, 10),
(49, 10),
(50, 10),
(51, 10),
(52, 10),
(53, 10),
(54, 10),
(55, 10),
(56, 10),
(57, 10),
(58, 10),
(59, 10),
(60, 10),
(61, 10),
(62, 10),
(63, 10),
(64, 10),
(65, 1),
(66, 10),
(67, 10),
(68, 10),
(69, 10),
(70, 10),
(71, 1),
(72, 10),
(73, 10),
(74, 10),
(75, 10),
(76, 10),
(77, 10),
(78, 10),
(79, 10),
(80, 10),
(81, 10),
(82, 10),
(83, 10),
(84, 10),
(85, 10);

-- --------------------------------------------------------

--
-- Estructura de tabla para la tabla `esfuerzo`
--

CREATE TABLE `esfuerzo` (
  `id` int(11) NOT NULL,
  `esfuerzo` int(11) NOT NULL
) ENGINE=InnoDB DEFAULT CHARSET=utf8mb4;

--
-- Volcado de datos para la tabla `esfuerzo`
--

INSERT INTO `esfuerzo` (`id`, `esfuerzo`) VALUES
(1, 2),
(2, 0),
(3, 10),
(4, 5),
(5, 10),
(6, 10),
(7, 10),
(8, 10),
(9, 10),
(10, 1),
(11, 2),
(12, 2),
(13, 2),
(14, 2),
(15, 2),
(16, 2),
(17, 2),
(18, 2),
(19, 2),
(20, 2),
(21, 2),
(22, 2),
(23, 0),
(24, 10),
(25, 10),
(26, 10),
(27, 10),
(28, 10),
(29, 10),
(30, 10),
(31, 10),
(32, 10),
(33, 10),
(34, 10),
(35, 10),
(36, 9),
(37, 10),
(38, 10),
(39, 10),
(40, 10),
(41, 8),
(42, 10),
(43, 10),
(44, 10),
(45, 3),
(46, 10),
(47, 10),
(48, 10),
(49, 10),
(50, 10),
(51, 3),
(52, 0),
(53, 0),
(54, 10),
(55, 10),
(56, 10),
(57, 10),
(58, 10),
(59, 10),
(60, 1),
(61, 10),
(62, 1),
(63, 10),
(64, 10),
(65, 10),
(66, 10),
(67, 10),
(68, 10),
(69, 10),
(70, 10),
(71, 10),
(72, 10),
(73, 10),
(74, 10),
(75, 10),
(76, 10),
(77, 10),
(78, 10),
(79, 10),
(80, 10),
(81, 10),
(82, 10),
(83, 10),
(84, 10),
(85, 10),
(86, 10),
(87, 10),
(88, 10),
(89, 10),
(90, 10),
(91, 10),
(92, 10),
(93, 1),
(94, 10),
(95, 10),
(96, 10),
(97, 10),
(98, 10),
(99, 10),
(100, 10),
(101, 10),
(102, 10),
(103, 10),
(104, 10),
(105, 10),
(106, 10),
(107, 10),
(108, 10),
(109, 10),
(110, 10),
(111, 10),
(112, 10),
(113, 10),
(114, 10),
(115, 10),
(116, 10),
(117, 10),
(118, 10),
(119, 10),
(120, 10),
(121, 10),
(122, 10),
(123, 10),
(124, 10),
(125, 10),
(126, 10),
(127, 10),
(128, 10);

-- --------------------------------------------------------

--
-- Estructura de tabla para la tabla `estetica`
--

CREATE TABLE `estetica` (
  `id` int(11) NOT NULL,
  `estetica_general` int(11) NOT NULL,
  `comodidad_visual` int(11) NOT NULL,
  `informacion` int(11) NOT NULL,
  `iconos` int(11) NOT NULL,
  `eleccion` int(11) NOT NULL,
  `busqueda` int(11) NOT NULL,
  `videos` int(11) NOT NULL,
  `recomendacion` int(11) NOT NULL,
  `calculo_satisfaccion` int(11) NOT NULL,
  `organizacion` int(11) NOT NULL,
  `interfaz` int(11) NOT NULL,
  `gusto` int(11) NOT NULL,
  `herramientas` int(11) NOT NULL,
  `satisfaccion` int(11) NOT NULL,
  `lenguaje` int(11) NOT NULL,
  `sobrecarga` int(11) NOT NULL,
  `interfaz_limpia` int(11) NOT NULL,
  `espacio` int(11) NOT NULL,
  `longitud` int(11) NOT NULL,
  `texto` int(11) NOT NULL
) ENGINE=InnoDB DEFAULT CHARSET=utf8mb4;

--
-- Volcado de datos para la tabla `estetica`
--

INSERT INTO `estetica` (`id`, `estetica_general`, `comodidad_visual`, `informacion`, `iconos`, `eleccion`, `busqueda`, `videos`, `recomendacion`, `calculo_satisfaccion`, `organizacion`, `interfaz`, `gusto`, `herramientas`, `satisfaccion`, `lenguaje`, `sobrecarga`, `interfaz_limpia`, `espacio`, `longitud`, `texto`) VALUES
(1, 5, 5, 5, 5, 5, 5, 5, 5, 27777777, 5, 5, 5, 5, 5, 5, 5, 5, 5, 5, 5),
(2, 10, 10, 10, 10, 10, 10, 10, 10, 5, 10, 10, 10, 10, 10, 10, 10, 10, 10, 10, 10),
(3, 1, 10, 10, 10, 10, 10, 10, 6, 5, 10, 10, 10, 10, 10, 10, 10, 10, 10, 10, 10),
(4, 9, 8, 7, 6, 5, 4, 3, 2, 22, 10, 10, 10, 10, 10, 10, 10, 10, 10, 10, 10),
(5, 4, 10, 10, 10, 10, 10, 10, 10, 37, 5, 7, 8, 8, 6, 7, 8, 8, 7, 4, 1),
(6, 10, 10, 10, 10, 10, 10, 10, 10, 40, 10, 10, 10, 10, 10, 10, 10, 10, 10, 10, 10),
(7, 10, 10, 10, 10, 10, 10, 10, 10, 40, 10, 10, 10, 10, 10, 10, 10, 10, 10, 10, 10),
(8, 10, 10, 10, 10, 10, 10, 10, 10, 40, 10, 10, 10, 10, 10, 10, 10, 10, 10, 10, 10),
(9, 10, 5, 10, 5, 10, 10, 10, 10, 35, 10, 10, 10, 10, 10, 10, 10, 10, 10, 10, 10),
(10, 10, 7, 10, 3, 10, 10, 10, 10, 35, 10, 10, 10, 10, 10, 10, 10, 10, 10, 10, 10),
(11, 10, 10, 10, 10, 10, 10, 10, 10, 40, 10, 10, 10, 10, 10, 10, 10, 10, 10, 10, 10),
(12, 10, 10, 10, 10, 10, 10, 10, 10, 40, 10, 10, 10, 10, 10, 10, 10, 10, 10, 10, 10),
(13, 10, 10, 10, 10, 10, 10, 10, 10, 40, 10, 10, 10, 10, 10, 10, 10, 10, 10, 10, 10),
(14, 10, 5, 10, 4, 10, 10, 10, 10, 34, 10, 10, 10, 10, 10, 10, 10, 10, 10, 10, 10),
(15, 6, 10, 5, 3, 10, 10, 10, 10, 32, 10, 10, 10, 10, 10, 10, 10, 10, 10, 10, 10),
(16, 10, 10, 10, 10, 10, 10, 10, 10, 40, 10, 10, 10, 10, 10, 10, 10, 10, 10, 10, 10),
(17, 10, 10, 10, 10, 10, 10, 10, 10, 40, 10, 10, 10, 10, 10, 10, 10, 10, 10, 10, 10),
(18, 10, 10, 10, 10, 10, 10, 10, 10, 40, 10, 10, 10, 10, 10, 10, 10, 10, 10, 10, 10),
(19, 6, 10, 1, 6, 10, 10, 10, 10, 31, 10, 10, 10, 10, 10, 10, 10, 10, 10, 10, 10),
(20, 0, 0, 0, 0, 0, 0, 0, 0, 0, 0, 0, 0, 0, 0, 0, 0, 0, 0, 0, 0),
(21, 0, 0, 0, 0, 0, 0, 0, 0, 0, 0, 0, 0, 0, 0, 0, 0, 0, 0, 0, 0),
(22, 1, 10, 1, 1, 1, 10, 10, 10, 22, 10, 10, 10, 10, 10, 10, 10, 10, 10, 10, 10),
(23, 2, 10, 1, 1, 10, 10, 10, 10, 27, 10, 10, 10, 10, 10, 10, 1, 6, 3, 1, 10),
(24, 1, 1, 1, 1, 1, 1, 1, 1, 4, 1, 1, 1, 1, 1, 1, 1, 1, 1, 1, 1),
(25, 10, 10, 10, 10, 10, 10, 10, 10, 40, 10, 10, 10, 10, 10, 10, 10, 10, 10, 10, 10),
(26, 10, 10, 10, 10, 10, 10, 10, 10, 40, 10, 10, 10, 10, 10, 10, 10, 10, 10, 10, 10),
(27, 10, 10, 10, 10, 10, 10, 10, 10, 40, 10, 10, 10, 10, 10, 10, 10, 10, 10, 10, 10),
(28, 10, 10, 10, 10, 10, 10, 10, 10, 40, 10, 10, 10, 10, 10, 10, 10, 10, 10, 10, 10),
(29, 10, 10, 10, 10, 10, 10, 10, 10, 40, 10, 10, 10, 10, 10, 10, 10, 10, 10, 10, 10),
(30, 10, 10, 10, 10, 10, 10, 10, 10, 40, 10, 10, 10, 10, 10, 10, 10, 10, 10, 10, 10),
(31, 10, 10, 10, 10, 10, 10, 10, 10, 40, 10, 10, 10, 10, 10, 10, 10, 10, 10, 10, 10),
(32, 10, 10, 10, 10, 10, 10, 10, 10, 40, 10, 10, 10, 10, 10, 10, 10, 10, 10, 10, 10),
(33, 10, 10, 10, 10, 10, 10, 10, 10, 40, 10, 10, 10, 10, 10, 10, 10, 10, 10, 10, 10),
(34, 10, 10, 10, 10, 10, 10, 10, 10, 40, 10, 10, 10, 10, 10, 10, 10, 10, 10, 10, 10),
(35, 10, 10, 10, 10, 10, 10, 10, 10, 40, 10, 10, 10, 10, 10, 10, 10, 10, 10, 10, 10),
(36, 10, 10, 10, 10, 10, 10, 10, 10, 40, 10, 10, 10, 10, 10, 10, 10, 10, 10, 10, 10),
(37, 10, 10, 10, 10, 10, 10, 10, 10, 40, 10, 10, 10, 10, 10, 10, 10, 10, 10, 10, 10),
(38, 10, 10, 10, 10, 10, 10, 10, 10, 40, 10, 10, 10, 10, 10, 10, 10, 10, 10, 10, 10),
(39, 10, 10, 10, 10, 10, 10, 10, 10, 40, 10, 10, 10, 10, 10, 10, 10, 10, 10, 10, 10),
(40, 10, 10, 10, 10, 10, 10, 10, 10, 40, 10, 10, 10, 10, 10, 10, 10, 10, 10, 10, 10),
(41, 10, 10, 10, 10, 10, 10, 10, 10, 40, 10, 10, 10, 10, 10, 10, 10, 10, 10, 10, 10),
(42, 1, 1, 2, 1, 1, 1, 1, 1, 4, 1, 1, 1, 1, 1, 1, 1, 1, 1, 1, 1),
(43, 10, 10, 10, 10, 10, 10, 10, 10, 40, 10, 10, 10, 10, 10, 10, 10, 10, 10, 10, 10),
(44, 10, 10, 10, 10, 10, 10, 10, 10, 40, 10, 10, 10, 10, 10, 10, 10, 10, 10, 10, 10),
(45, 7, 10, 5, 10, 10, 10, 10, 10, 36, 10, 10, 10, 10, 10, 10, 10, 10, 10, 10, 10),
(46, 1, 10, 1, 10, 10, 10, 10, 10, 31, 10, 10, 10, 10, 10, 10, 10, 1, 10, 1, 10),
(47, 10, 10, 10, 10, 10, 10, 10, 10, 40, 10, 10, 10, 10, 10, 10, 10, 10, 10, 10, 10),
(48, 10, 10, 10, 10, 10, 10, 10, 10, 40, 10, 10, 10, 10, 10, 10, 10, 10, 10, 10, 10),
(49, 10, 10, 10, 10, 10, 10, 10, 10, 40, 10, 10, 10, 10, 10, 10, 10, 10, 10, 10, 10),
(50, 10, 10, 10, 10, 10, 10, 10, 10, 40, 10, 10, 10, 10, 10, 10, 10, 10, 10, 10, 10),
(51, 10, 10, 10, 10, 10, 10, 10, 10, 40, 10, 10, 10, 10, 10, 10, 10, 10, 10, 10, 10),
(52, 10, 10, 10, 10, 10, 10, 10, 10, 40, 10, 10, 10, 10, 10, 10, 10, 10, 10, 10, 10),
(53, 10, 10, 10, 10, 10, 10, 10, 10, 40, 10, 10, 10, 10, 10, 10, 10, 10, 10, 10, 10),
(54, 10, 10, 10, 10, 10, 10, 10, 10, 40, 10, 10, 10, 10, 10, 10, 10, 10, 10, 10, 10),
(55, 10, 10, 10, 10, 10, 10, 10, 10, 40, 10, 10, 10, 10, 10, 10, 10, 10, 10, 10, 10),
(56, 10, 10, 10, 10, 10, 10, 10, 10, 40, 10, 10, 10, 10, 10, 10, 10, 10, 10, 10, 10),
(57, 10, 10, 10, 10, 10, 10, 10, 10, 40, 10, 10, 10, 10, 10, 10, 10, 10, 10, 10, 10);

-- --------------------------------------------------------

--
-- Estructura de tabla para la tabla `evaluador`
--

CREATE TABLE `evaluador` (
  `id` int(11) NOT NULL,
  `nombre` text NOT NULL,
  `telefono` text NOT NULL,
  `correo` text NOT NULL,
  `contraseña` text NOT NULL
) ENGINE=InnoDB DEFAULT CHARSET=utf8mb4;

--
-- Volcado de datos para la tabla `evaluador`
--

INSERT INTO `evaluador` (`id`, `nombre`, `telefono`, `correo`, `contraseña`) VALUES
(2, 'cesar k', 'cesarj', 'mcesar', 'cesar'),
(4, 'k', '6', 'evaluador', 'evaluador'),
(5, 'nataliae', '321670', 'nataliae', 'nataliae');

-- --------------------------------------------------------

--
-- Estructura de tabla para la tabla `extensibilidad`
--

CREATE TABLE `extensibilidad` (
  `id` int(11) NOT NULL,
  `calculoextensibilidad` int(11) NOT NULL
) ENGINE=InnoDB DEFAULT CHARSET=utf8mb4;

--
-- Volcado de datos para la tabla `extensibilidad`
--

INSERT INTO `extensibilidad` (`id`, `calculoextensibilidad`) VALUES
(1, 0),
(2, 9),
(3, 9),
(4, 9),
(5, 10),
(6, 2),
(7, 10),
(8, 10),
(9, 10),
(10, 10),
(11, 10),
(12, 10),
(13, 10),
(14, 10),
(15, 10),
(16, 10),
(17, 10),
(18, 10),
(19, 10),
(20, 10),
(21, 10),
(22, 10),
(23, 10),
(24, 10),
(25, 10),
(26, 10),
(27, 10),
(28, 10),
(29, 10),
(30, 10),
(31, 10),
(32, 10),
(33, 10),
(34, 10),
(35, 10),
(36, 0),
(37, 0),
(38, 10),
(39, 10),
(40, 1),
(41, 10),
(42, 10),
(43, 10),
(44, 10),
(45, 10),
(46, 10),
(47, 10),
(48, 10),
(49, 10),
(50, 10),
(51, 10),
(52, 10),
(53, 10),
(54, 10),
(55, 10),
(56, 10),
(57, 10),
(58, 10),
(59, 10),
(60, 10),
(61, 10),
(62, 10),
(63, 10),
(64, 10),
(65, 1),
(66, 10),
(67, 10),
(68, 10),
(69, 10),
(70, 10),
(71, 10),
(72, 10),
(73, 10),
(74, 10),
(75, 10),
(76, 10),
(77, 10),
(78, 10),
(79, 10),
(80, 10),
(81, 10),
(82, 10),
(83, 10),
(84, 10),
(85, 10);

-- --------------------------------------------------------

--
-- Estructura de tabla para la tabla `fidelidad`
--

CREATE TABLE `fidelidad` (
  `id` int(11) NOT NULL,
  `uso` int(11) NOT NULL
) ENGINE=InnoDB DEFAULT CHARSET=utf8mb4;

--
-- Volcado de datos para la tabla `fidelidad`
--

INSERT INTO `fidelidad` (`id`, `uso`) VALUES
(1, 7),
(2, 10),
(3, 10),
(4, 10),
(5, 10),
(6, 10),
(7, 10),
(8, 10),
(9, 10),
(10, 10),
(11, 10),
(12, 10),
(13, 10),
(14, 10),
(15, 10),
(16, 10),
(17, 0),
(18, 0),
(19, 1),
(20, 1),
(21, 1),
(22, 10),
(23, 10),
(24, 10),
(25, 10),
(26, 10),
(27, 10),
(28, 10),
(29, 10),
(30, 10),
(31, 10),
(32, 10),
(33, 10),
(34, 10),
(35, 10),
(36, 10),
(37, 10),
(38, 10),
(39, 1),
(40, 10),
(41, 10),
(42, 10),
(43, 1),
(44, 10),
(45, 10),
(46, 10),
(47, 10),
(48, 10),
(49, 10),
(50, 10),
(51, 10),
(52, 10),
(53, 10),
(54, 10);

-- --------------------------------------------------------

--
-- Estructura de tabla para la tabla `frecuenciaerrores`
--

CREATE TABLE `frecuenciaerrores` (
  `id` int(11) NOT NULL,
  `calculofrecuenciaerrores` int(11) NOT NULL,
  `numeroserrores` int(11) NOT NULL,
  `tiempotarea` time NOT NULL
) ENGINE=InnoDB DEFAULT CHARSET=utf8mb4;

--
-- Volcado de datos para la tabla `frecuenciaerrores`
--

INSERT INTO `frecuenciaerrores` (`id`, `calculofrecuenciaerrores`, `numeroserrores`, `tiempotarea`) VALUES
(1, 7, 7, '00:00:07'),
(2, 7, 7, '00:00:07'),
(3, 0, 0, '00:00:00'),
(4, 1, 6, '00:00:06'),
(5, 1, 10, '00:00:10'),
(6, 1, 10, '00:00:10'),
(7, 1, 10, '00:00:10'),
(8, 1, 10, '00:00:10'),
(9, 1, 10, '00:00:10'),
(10, 1, 10, '00:00:10'),
(11, 5, 10, '00:00:02'),
(12, 1, 10, '00:00:10'),
(13, 1, 10, '00:00:10'),
(14, 5, 10, '00:00:02'),
(15, 0, 4, '00:00:10'),
(16, 1, 10, '00:00:10'),
(17, 1, 10, '00:00:10'),
(18, 1, 10, '00:00:10'),
(19, 1, 10, '00:00:10'),
(20, 0, 0, '00:00:00'),
(21, 0, 0, '00:00:00'),
(22, 7, 7, '00:00:07'),
(23, 7, 7, '00:00:07'),
(24, 1, 10, '00:00:07'),
(25, 0, 0, '00:00:00'),
(26, 7, 7, '00:00:07'),
(27, 7, 7, '00:00:07'),
(28, 1, 1, '00:00:01'),
(29, 0, 2, '00:00:10'),
(30, 1, 1, '00:00:01'),
(31, 1, 10, '00:00:10'),
(32, 1, 10, '00:00:10'),
(33, 1, 10, '00:00:10'),
(34, 1, 10, '00:00:10'),
(35, 1, 10, '00:00:10'),
(36, 1, 10, '00:00:10'),
(37, 1, 10, '00:00:10'),
(38, 1, 10, '00:00:10'),
(39, 1, 10, '00:00:10'),
(40, 1, 10, '00:00:10'),
(41, 1, 10, '00:00:10'),
(42, 1, 10, '00:00:10'),
(43, 1, 10, '00:00:10'),
(44, 1, 10, '00:00:10'),
(45, 1, 10, '00:00:10'),
(46, 1, 10, '00:00:10'),
(47, 1, 10, '00:00:10'),
(48, 1, 1, '00:00:01'),
(49, 1, 10, '00:00:10'),
(50, 1, 10, '00:00:10'),
(51, 1, 1, '00:00:01'),
(52, 1, 10, '00:00:10'),
(53, 1, 10, '00:00:10'),
(54, 1, 10, '00:00:10'),
(55, 1, 10, '00:00:10'),
(56, 1, 10, '00:00:10'),
(57, 1, 10, '00:00:10'),
(58, 1, 10, '00:00:10'),
(59, 1, 10, '00:00:10'),
(60, 1, 10, '00:00:10'),
(61, 1, 10, '00:00:10'),
(62, 1, 10, '00:00:10'),
(63, 1, 10, '00:00:10');

-- --------------------------------------------------------

--
-- Estructura de tabla para la tabla `memorabilidad`
--

CREATE TABLE `memorabilidad` (
  `id` int(11) NOT NULL,
  `comprensibilidad` int(11) NOT NULL,
  `calculoderelevancia` float NOT NULL
) ENGINE=InnoDB DEFAULT CHARSET=utf8mb4;

--
-- Volcado de datos para la tabla `memorabilidad`
--

INSERT INTO `memorabilidad` (`id`, `comprensibilidad`, `calculoderelevancia`) VALUES
(1, 2, 1),
(2, 3, 1),
(3, 4, 1),
(4, 5, 1),
(5, 6, 1),
(6, 7, 1),
(7, 8, 1),
(8, 9, 0),
(9, 11, 0.776699),
(10, 12, 0.660194),
(11, 13, 0.718447),
(12, 14, 0.776699),
(13, 15, 0.776699),
(14, 16, 0.776699),
(15, 17, 0.679612),
(16, 18, 0.563107),
(17, 19, 0.776699),
(18, 20, 0.776699),
(19, 21, 0.776699),
(20, 22, 0.776699),
(21, 23, 0.776699),
(22, 24, 0.776699),
(23, 25, 0.504854),
(24, 26, 0),
(25, 27, 0),
(26, 28, 0.252427),
(27, 29, 0.31068),
(28, 30, 0.0776699),
(29, 31, 0.776699),
(30, 32, 0.776699),
(31, 33, 0.776699),
(32, 34, 0.776699),
(33, 35, 0.776699),
(34, 36, 0.776699),
(35, 37, 0.776699),
(36, 38, 0.776699),
(37, 39, 0.776699),
(38, 40, 0.776699),
(39, 41, 0.776699),
(40, 42, 0.776699),
(41, 43, 0.776699),
(42, 44, 0.776699),
(43, 45, 0.776699),
(44, 46, 0.776699),
(45, 47, 0.776699),
(46, 48, 0.0776699),
(47, 49, 0.776699),
(48, 50, 0.776699),
(49, 51, 0.640777),
(50, 52, 0.252427),
(51, 53, 0.776699),
(52, 54, 0.776699),
(53, 55, 0.776699),
(54, 56, 0.776699),
(55, 57, 0.776699),
(56, 58, 0.776699),
(57, 59, 0.776699),
(58, 60, 0.776699),
(59, 61, 0.776699),
(60, 62, 0.776699),
(61, 63, 0.776699),
(62, 64, 0.776699),
(63, 65, 0.776699);

-- --------------------------------------------------------

--
-- Estructura de tabla para la tabla `permiso`
--

CREATE TABLE `permiso` (
  `id` int(11) NOT NULL,
  `seguridad` int(11) NOT NULL,
  `playstore` int(11) NOT NULL
) ENGINE=InnoDB DEFAULT CHARSET=utf8mb4;

--
-- Volcado de datos para la tabla `permiso`
--

INSERT INTO `permiso` (`id`, `seguridad`, `playstore`) VALUES
(1, 7, 7),
(2, 7, 7),
(3, 0, 0),
(4, 6, 6),
(5, 10, 10),
(6, 10, 10),
(7, 10, 10),
(8, 10, 10),
(9, 10, 10),
(10, 9, 6),
(11, 10, 6),
(12, 10, 10),
(13, 10, 10),
(14, 10, 5),
(15, 8, 6),
(16, 10, 10),
(17, 10, 10),
(18, 10, 10),
(19, 10, 10),
(20, 0, 0),
(21, 0, 0),
(22, 7, 7),
(23, 7, 7),
(24, 9, 6),
(25, 0, 0),
(26, 7, 7),
(27, 7, 7),
(28, 1, 1),
(29, 1, 3),
(30, 1, 1),
(31, 10, 10),
(32, 10, 10),
(33, 10, 10),
(34, 10, 10),
(35, 10, 10),
(36, 10, 10),
(37, 10, 10),
(38, 10, 10),
(39, 10, 10),
(40, 10, 10),
(41, 10, 10),
(42, 10, 10),
(43, 10, 10),
(44, 10, 10),
(45, 10, 10),
(46, 10, 10),
(47, 10, 10),
(48, 1, 1),
(49, 10, 10),
(50, 10, 10),
(51, 10, 8),
(52, 1, 10),
(53, 10, 10),
(54, 10, 10),
(55, 10, 10),
(56, 10, 10),
(57, 10, 10),
(58, 10, 10),
(59, 10, 10),
(60, 10, 10),
(61, 10, 10),
(62, 10, 10),
(63, 10, 10);

-- --------------------------------------------------------

--
-- Estructura de tabla para la tabla `productividad`
--

CREATE TABLE `productividad` (
  `id` int(11) NOT NULL,
  `salidausuario` int(11) NOT NULL,
  `calculoderelevancia` float NOT NULL
) ENGINE=InnoDB DEFAULT CHARSET=utf8mb4;

--
-- Volcado de datos para la tabla `productividad`
--

INSERT INTO `productividad` (`id`, `salidausuario`, `calculoderelevancia`) VALUES
(1, 2, 1),
(2, 3, 1),
(3, 4, 1),
(4, 5, 1),
(5, 6, 1),
(6, 7, 0),
(7, 9, 0.194175),
(8, 10, 0.0970874),
(9, 11, 0.0582524),
(10, 12, 0.194175),
(11, 13, 0.194175),
(12, 14, 0.194175),
(13, 15, 0.194175),
(14, 16, 0.194175),
(15, 17, 0.0776699),
(16, 18, 0.0582524),
(17, 19, 0.194175),
(18, 20, 0.194175),
(19, 21, 0.194175),
(20, 22, 0.15534),
(21, 23, 0),
(22, 24, 0),
(23, 25, 0.0194175),
(24, 26, 0.038835),
(25, 27, 0.0194175),
(26, 28, 0.194175),
(27, 29, 0.194175),
(28, 30, 0.194175),
(29, 31, 0.194175),
(30, 32, 0.194175),
(31, 33, 0.194175),
(32, 34, 0.194175),
(33, 35, 0.194175),
(34, 36, 0.194175),
(35, 37, 0.194175),
(36, 38, 0.194175),
(37, 39, 0.194175),
(38, 40, 0.194175),
(39, 41, 0.194175),
(40, 42, 0.194175),
(41, 43, 0.194175),
(42, 44, 0.194175),
(43, 45, 0.194175),
(44, 46, 0.0194175),
(45, 47, 0.194175),
(46, 48, 0.194175),
(47, 49, 0.174757),
(48, 50, 0.0194175),
(49, 51, 0.194175),
(50, 52, 0.194175),
(51, 53, 0.194175),
(52, 54, 0.194175),
(53, 55, 0.194175),
(54, 56, 0.194175),
(55, 57, 0.194175),
(56, 58, 0.194175),
(57, 59, 0.194175),
(58, 60, 0.194175),
(59, 61, 0.194175);

-- --------------------------------------------------------

--
-- Estructura de tabla para la tabla `ram`
--

CREATE TABLE `ram` (
  `id` int(11) NOT NULL,
  `consumoram` int(11) NOT NULL,
  `consumomedram` int(11) NOT NULL,
  `consumomaxram` int(11) NOT NULL,
  `calculoram` int(11) NOT NULL
) ENGINE=InnoDB DEFAULT CHARSET=utf8mb4;

--
-- Volcado de datos para la tabla `ram`
--

INSERT INTO `ram` (`id`, `consumoram`, `consumomedram`, `consumomaxram`, `calculoram`) VALUES
(1, 1, 1, 1, 1),
(2, 2, 2, 2, 2),
(3, 0, 0, 0, 0),
(4, 3, 3, 3, 10),
(5, 3, 3, 3, 5),
(6, 3, 3, 3, 10),
(7, 3, 3, 3, 10),
(8, 3, 3, 3, 10),
(9, 3, 3, 3, 8),
(10, 3, 3, 3, 10),
(11, 3, 3, 3, 1),
(12, 0, 2, 2, 2),
(13, 0, 3, 2, 2),
(14, 0, 3, 2, 2),
(15, 2, 3, 2, 2),
(16, 2, 3, 2, 2),
(17, 2, 3, 2, 2),
(18, 2, 3, 2, 2),
(19, 2, 3, 2, 2),
(20, 2, 3, 2, 2),
(21, 2, 3, 2, 2),
(22, 2, 3, 2, 2),
(23, 2, 3, 2, 2),
(24, 0, 0, 0, 0),
(25, 3, 3, 3, 10),
(26, 3, 3, 3, 10),
(27, 3, 3, 3, 10),
(28, 3, 3, 3, 10),
(29, 3, 3, 3, 10),
(30, 3, 3, 3, 10),
(31, 3, 3, 3, 10),
(32, 3, 3, 3, 10),
(33, 3, 3, 3, 10),
(34, 3, 3, 3, 10),
(35, 3, 3, 3, 10),
(36, 3, 3, 3, 10),
(37, 3, 3, 3, 10),
(38, 3, 3, 3, 10),
(39, 3, 3, 3, 10),
(40, 3, 3, 3, 10),
(41, 3, 3, 3, 10),
(42, 3, 3, 3, 10),
(43, 3, 3, 3, 10),
(44, 3, 3, 3, 10),
(45, 3, 3, 3, 10),
(46, 3, 3, 3, 10),
(47, 3, 3, 3, 10),
(48, 3, 3, 3, 10),
(49, 3, 3, 3, 10),
(50, 3, 3, 3, 10),
(51, 3, 3, 3, 10),
(52, 3, 3, 3, 5),
(53, 0, 0, 0, 0),
(54, 0, 0, 0, 0),
(55, 3, 3, 3, 10),
(56, 3, 3, 3, 10),
(57, 3, 3, 3, 10),
(58, 3, 3, 3, 10),
(59, 3, 3, 3, 10),
(60, 3, 3, 3, 10),
(61, 3, 3, 3, 5),
(62, 3, 3, 3, 5),
(63, 3, 3, 3, 1),
(64, 3, 3, 3, 10),
(65, 3, 3, 3, 10),
(66, 3, 3, 3, 10),
(67, 3, 3, 3, 10),
(68, 3, 3, 3, 10),
(69, 3, 3, 3, 10),
(70, 3, 3, 3, 10),
(71, 3, 3, 3, 10),
(72, 3, 3, 3, 10),
(73, 3, 3, 3, 10),
(74, 3, 3, 3, 10),
(75, 3, 3, 3, 10),
(76, 3, 3, 3, 10),
(77, 3, 3, 3, 10),
(78, 3, 3, 3, 10),
(79, 3, 3, 3, 10),
(80, 3, 3, 3, 10),
(81, 3, 3, 3, 10),
(82, 3, 3, 3, 10),
(83, 3, 3, 3, 10),
(84, 3, 3, 3, 10),
(85, 3, 3, 3, 10),
(86, 3, 3, 3, 10),
(87, 3, 3, 3, 10),
(88, 3, 3, 3, 10),
(89, 3, 3, 3, 10),
(90, 3, 3, 3, 10),
(91, 3, 3, 3, 10),
(92, 3, 3, 3, 10),
(93, 3, 3, 3, 10),
(94, 3, 3, 3, 1),
(95, 3, 3, 3, 10),
(96, 3, 3, 3, 10),
(97, 3, 3, 3, 10),
(98, 3, 3, 3, 10),
(99, 3, 3, 3, 10),
(100, 3, 3, 3, 10),
(101, 3, 3, 3, 10),
(102, 3, 3, 3, 10),
(103, 3, 3, 3, 10),
(104, 3, 3, 3, 10),
(105, 3, 3, 3, 10),
(106, 3, 3, 3, 10),
(107, 3, 3, 3, 10),
(108, 3, 3, 3, 10),
(109, 990, 66, 66, 66),
(110, 990, 66, 66, 66),
(111, 1092, 64, 65, 64),
(112, 248, 62, 62, 62),
(113, 248, 62, 62, 62),
(114, 793, 61, 61, 61),
(115, 186, 62, 62, 62),
(116, 315, 63, 63, 63),
(117, 124, 62, 62, 62),
(118, 128, 64, 64, 64),
(119, 1197, 63, 63, 63),
(120, 16635, 75, 79, 75),
(121, 1599, 39, 39, 10),
(122, 20448, 32, 32, 10),
(123, 458, 35, 36, 10),
(124, 505, 36, 37, 10),
(125, 505, 36, 37, 10),
(126, 259, 37, 37, 10),
(127, 360, 36, 36, 10),
(128, 333, 37, 37, 10),
(129, 259, 37, 37, 10);

-- --------------------------------------------------------

--
-- Estructura de tabla para la tabla `recursos`
--

CREATE TABLE `recursos` (
  `id` int(11) NOT NULL,
  `tiemporespuesta` int(11) NOT NULL,
  `ram` int(11) NOT NULL,
  `cpu` int(11) NOT NULL,
  `bateria` int(11) NOT NULL
) ENGINE=InnoDB DEFAULT CHARSET=utf8mb4;

--
-- Volcado de datos para la tabla `recursos`
--

INSERT INTO `recursos` (`id`, `tiemporespuesta`, `ram`, `cpu`, `bateria`) VALUES
(1, 1, 1, 1, 1),
(4, 27, 1, 1, 1),
(5, 29, 1, 1, 1),
(6, 31, 1, 1, 1),
(7, 32, 1, 1, 1),
(8, 33, 1, 1, 1),
(9, 34, 22, 21, 21),
(10, 35, 23, 22, 22),
(11, 36, 24, 23, 23),
(12, 37, 25, 24, 24),
(13, 38, 26, 25, 25),
(14, 41, 29, 28, 26),
(15, 39, 27, 26, 27),
(16, 40, 28, 27, 28),
(17, 42, 30, 29, 29),
(18, 43, 31, 30, 30),
(19, 44, 32, 31, 31),
(20, 45, 33, 32, 32),
(21, 46, 34, 33, 33),
(22, 47, 35, 34, 34),
(23, 48, 36, 35, 35),
(24, 49, 37, 36, 36),
(25, 50, 38, 37, 37),
(26, 51, 39, 38, 38),
(27, 52, 40, 39, 39),
(28, 53, 41, 40, 40),
(29, 54, 42, 41, 41),
(30, 55, 43, 42, 42),
(31, 56, 44, 43, 43),
(32, 57, 45, 44, 44),
(33, 58, 46, 45, 45),
(34, 59, 47, 46, 46),
(35, 60, 48, 47, 47),
(36, 61, 49, 48, 48),
(37, 62, 50, 49, 49),
(38, 63, 51, 50, 50),
(39, 64, 52, 51, 51),
(40, 65, 53, 52, 52),
(41, 66, 54, 53, 53),
(42, 67, 55, 54, 54),
(43, 68, 56, 55, 55),
(44, 69, 57, 56, 56),
(45, 70, 58, 57, 57),
(46, 71, 59, 58, 58),
(47, 72, 60, 59, 59),
(48, 73, 61, 60, 60),
(49, 74, 62, 61, 61),
(50, 75, 63, 62, 62),
(51, 76, 64, 63, 63),
(52, 77, 65, 64, 64),
(53, 80, 68, 67, 67),
(54, 78, 66, 65, 65),
(55, 79, 67, 66, 66),
(56, 81, 69, 68, 68),
(57, 83, 71, 70, 70),
(58, 82, 70, 69, 69),
(59, 84, 72, 71, 71),
(60, 85, 73, 72, 72),
(61, 86, 74, 73, 73),
(62, 87, 75, 74, 74),
(63, 89, 77, 76, 76),
(64, 88, 76, 75, 75),
(65, 90, 78, 77, 77),
(66, 91, 79, 78, 78),
(67, 92, 80, 79, 79),
(68, 93, 81, 80, 80),
(69, 94, 82, 81, 81),
(70, 95, 83, 82, 82),
(71, 96, 84, 83, 83),
(72, 97, 85, 84, 84),
(73, 98, 86, 85, 85),
(74, 99, 87, 86, 86),
(75, 100, 88, 87, 87),
(76, 101, 89, 88, 88),
(77, 104, 91, 89, 91),
(78, 102, 92, 91, 90),
(79, 103, 90, 90, 89),
(80, 105, 93, 92, 92),
(81, 106, 94, 93, 93),
(82, 107, 95, 94, 94),
(83, 108, 96, 95, 95),
(84, 109, 97, 96, 96),
(85, 110, 98, 97, 97),
(86, 111, 99, 98, 98),
(87, 112, 100, 99, 99),
(88, 113, 101, 100, 100),
(89, 114, 102, 101, 101),
(90, 115, 103, 102, 102),
(91, 116, 104, 103, 103),
(92, 117, 105, 104, 104),
(93, 118, 106, 105, 105),
(94, 119, 107, 106, 106),
(95, 120, 108, 107, 107),
(96, 121, 109, 108, 108),
(97, 122, 110, 109, 109),
(98, 123, 111, 110, 110),
(99, 124, 112, 111, 111),
(100, 125, 113, 112, 112),
(101, 126, 114, 113, 113),
(102, 127, 115, 114, 114),
(103, 128, 116, 115, 115),
(104, 129, 117, 116, 116),
(105, 130, 118, 117, 117),
(106, 131, 119, 118, 118),
(107, 132, 120, 119, 119),
(108, 133, 121, 120, 120),
(109, 134, 122, 121, 121),
(110, 135, 123, 122, 122),
(111, 136, 124, 123, 123),
(112, 137, 125, 124, 124),
(113, 138, 126, 125, 125),
(114, 139, 127, 126, 126),
(115, 140, 128, 127, 127),
(116, 141, 129, 128, 128);

-- --------------------------------------------------------

--
-- Estructura de tabla para la tabla `registrardatosaplicativo`
--

CREATE TABLE `registrardatosaplicativo` (
  `id` int(11) NOT NULL,
  `usuario` int(11) NOT NULL,
  `nombre` varchar(60) NOT NULL,
  `tipoaplicativo` int(60) NOT NULL,
  `subirapk` int(11) NOT NULL,
  `subirmanual` int(11) NOT NULL
) ENGINE=InnoDB DEFAULT CHARSET=utf8mb4;

--
-- Volcado de datos para la tabla `registrardatosaplicativo`
--

INSERT INTO `registrardatosaplicativo` (`id`, `usuario`, `nombre`, `tipoaplicativo`, `subirapk`, `subirmanual`) VALUES
(819, 1, 'prueba 2', 3, 3, 3),
(820, 1, 'facebookññ', 3, 3, 3),
(821, 1, 'facebookkj', 3, 3, 3),
(822, 1, 'facebook lo', 3, 3, 3),
(823, 1, 'solo', 15, 3, 3),
(824, 1, 'aplicación', 5, 3, 3),
(825, 1, 'facebookñ', 3, 3, 3),
(826, 1, 'facebookl', 3, 3, 3),
(827, 1, 'isuario', 5, 3, 3),
(828, 44, 'perez', 18, 69, 365),
(829, 44, 'WhatsApp', 9, 3, 3);

-- --------------------------------------------------------

--
-- Estructura de tabla para la tabla `reusabilidad`
--

CREATE TABLE `reusabilidad` (
  `id` int(11) NOT NULL,
  `calculoreusabilidad` int(11) NOT NULL
) ENGINE=InnoDB DEFAULT CHARSET=utf8mb4;

--
-- Volcado de datos para la tabla `reusabilidad`
--

INSERT INTO `reusabilidad` (`id`, `calculoreusabilidad`) VALUES
(1, 0),
(2, 9),
(3, 9),
(4, 9),
(5, 10),
(6, 2),
(7, 10),
(8, 10),
(9, 8),
(10, 10),
(11, 10),
(12, 10),
(13, 10),
(14, 10),
(15, 5),
(16, 10),
(17, 10),
(18, 10),
(19, 4),
(20, 10),
(21, 10),
(22, 5),
(23, 10),
(24, 10),
(25, 10),
(26, 10),
(27, 10),
(28, 10),
(29, 10),
(30, 10),
(31, 10),
(32, 10),
(33, 10),
(34, 10),
(35, 5),
(36, 0),
(37, 0),
(38, 10),
(39, 10),
(40, 1),
(41, 10),
(42, 10),
(43, 10),
(44, 10),
(45, 10),
(46, 10),
(47, 10),
(48, 10),
(49, 10),
(50, 10),
(51, 10),
(52, 10),
(53, 10),
(54, 10),
(55, 10),
(56, 10),
(57, 10),
(58, 10),
(59, 10),
(60, 10),
(61, 10),
(62, 10),
(63, 10),
(64, 10),
(65, 1),
(66, 10),
(67, 10),
(68, 10),
(69, 10),
(70, 10),
(71, 5),
(72, 10),
(73, 10),
(74, 10),
(75, 10),
(76, 10),
(77, 10),
(78, 10),
(79, 10),
(80, 10),
(81, 10),
(82, 10),
(83, 10),
(84, 10),
(85, 10);

-- --------------------------------------------------------

--
-- Estructura de tabla para la tabla `salidausuario`
--

CREATE TABLE `salidausuario` (
  `id` int(11) NOT NULL,
  `productividad_inexperto` int(11) NOT NULL
) ENGINE=InnoDB DEFAULT CHARSET=utf8mb4;

--
-- Volcado de datos para la tabla `salidausuario`
--

INSERT INTO `salidausuario` (`id`, `productividad_inexperto`) VALUES
(1, 4),
(2, 10),
(3, 10),
(4, 5),
(5, 10),
(6, 10),
(7, 10),
(8, 10),
(9, 10),
(10, 5),
(11, 3),
(12, 10),
(13, 10),
(14, 10),
(15, 10),
(16, 10),
(17, 4),
(18, 3),
(19, 10),
(20, 10),
(21, 10),
(22, 8),
(23, 0),
(24, 0),
(25, 1),
(26, 2),
(27, 1),
(28, 10),
(29, 10),
(30, 10),
(31, 10),
(32, 10),
(33, 10),
(34, 10),
(35, 10),
(36, 10),
(37, 10),
(38, 10),
(39, 10),
(40, 10),
(41, 10),
(42, 10),
(43, 10),
(44, 10),
(45, 10),
(46, 1),
(47, 10),
(48, 10),
(49, 9),
(50, 1),
(51, 10),
(52, 10),
(53, 10),
(54, 10),
(55, 10),
(56, 10),
(57, 10),
(58, 10),
(59, 10),
(60, 10),
(61, 10);

-- --------------------------------------------------------

--
-- Estructura de tabla para la tabla `satisfaccion`
--

CREATE TABLE `satisfaccion` (
  `id` int(11) NOT NULL,
  `estetica` int(11) NOT NULL,
  `calculoderelevancia` float NOT NULL
) ENGINE=InnoDB DEFAULT CHARSET=utf8mb4;

--
-- Volcado de datos para la tabla `satisfaccion`
--

INSERT INTO `satisfaccion` (`id`, `estetica`, `calculoderelevancia`) VALUES
(1, 2, 1),
(2, 3, 1),
(3, 4, 1),
(4, 5, 1),
(5, 6, 0),
(6, 8, 4.2233),
(7, 9, 3.93204),
(8, 10, 3.93204),
(9, 11, 4.2233),
(10, 12, 4.2233),
(11, 13, 4.2233),
(12, 14, 3.8932),
(13, 15, 3.75728),
(14, 16, 4.2233),
(15, 17, 4.2233),
(16, 18, 4.2233),
(17, 19, 3.71845),
(18, 20, 0),
(19, 21, 0),
(20, 22, 3.17476),
(21, 23, 3.14563),
(22, 24, 0.42233),
(23, 25, 4.2233),
(24, 26, 4.2233),
(25, 27, 4.2233),
(26, 28, 4.2233),
(27, 29, 4.2233),
(28, 30, 4.2233),
(29, 31, 4.2233),
(30, 32, 4.2233),
(31, 33, 4.2233),
(32, 34, 4.2233),
(33, 35, 4.2233),
(34, 36, 4.2233),
(35, 37, 4.2233),
(36, 38, 4.2233),
(37, 39, 4.2233),
(38, 40, 4.2233),
(39, 41, 4.2233),
(40, 42, 0.441748),
(41, 43, 4.2233),
(42, 44, 4.2233),
(43, 45, 3.99029),
(44, 46, 3.43689),
(45, 47, 4.2233),
(46, 48, 4.2233),
(47, 49, 4.2233),
(48, 50, 4.2233),
(49, 51, 4.2233),
(50, 52, 4.2233),
(51, 53, 4.2233),
(52, 54, 4.2233),
(53, 55, 4.2233),
(54, 56, 4.2233),
(55, 57, 4.2233);

-- --------------------------------------------------------

--
-- Estructura de tabla para la tabla `seguridad`
--

CREATE TABLE `seguridad` (
  `id` int(11) NOT NULL,
  `permiso` int(11) NOT NULL,
  `error` int(11) NOT NULL,
  `calculoderelevancia` float NOT NULL
) ENGINE=InnoDB DEFAULT CHARSET=utf8mb4;

--
-- Volcado de datos para la tabla `seguridad`
--

INSERT INTO `seguridad` (`id`, `permiso`, `error`, `calculoderelevancia`) VALUES
(1, 5, 5, 1),
(2, 6, 6, 1),
(3, 7, 7, 0.912621),
(4, 8, 8, 0.912621),
(5, 9, 9, 0.912621),
(6, 10, 10, 0.815534),
(7, 11, 11, 0.990291),
(8, 12, 12, 0.912621),
(9, 13, 13, 0.912621),
(10, 14, 14, 0.970874),
(11, 15, 15, 0.757282),
(12, 16, 16, 0.912621),
(13, 17, 17, 0.912621),
(14, 18, 18, 0.912621),
(15, 19, 19, 0.912621),
(16, 20, 20, 0),
(17, 21, 21, 0),
(18, 22, 22, 0),
(19, 23, 23, 7),
(20, 24, 24, 0.699029),
(21, 25, 25, 0),
(22, 26, 26, 0),
(23, 27, 27, 0),
(24, 28, 28, 0.563107),
(25, 29, 29, 0.38835),
(26, 30, 30, 0.126214),
(27, 31, 31, 0.912621),
(28, 32, 32, 0.912621),
(29, 33, 33, 0.912621),
(30, 34, 34, 0.912621),
(31, 35, 35, 0.912621),
(32, 36, 36, 0.912621),
(33, 37, 37, 0.912621),
(34, 38, 38, 0.912621),
(35, 39, 39, 0.912621),
(36, 40, 40, 0.912621),
(37, 41, 41, 0.912621),
(38, 42, 42, 0.912621),
(39, 43, 43, 0.912621),
(40, 44, 44, 0.912621),
(41, 45, 45, 0.912621),
(42, 46, 46, 0.912621),
(43, 47, 47, 0.912621),
(44, 48, 48, 0.126214),
(45, 49, 49, 0.912621),
(46, 50, 50, 0.912621),
(47, 51, 51, 0.873786),
(48, 52, 52, 0.38835),
(49, 53, 53, 0.912621),
(50, 54, 54, 0.912621),
(51, 55, 55, 0.912621),
(52, 56, 56, 0.912621),
(53, 57, 57, 0.912621),
(54, 58, 58, 0.912621),
(55, 59, 59, 0.912621),
(56, 60, 60, 0.912621),
(57, 61, 61, 0.912621),
(58, 62, 62, 0.912621),
(59, 63, 63, 0.912621);

-- --------------------------------------------------------

--
-- Estructura de tabla para la tabla `subirapk`
--

CREATE TABLE `subirapk` (
  `id` int(11) NOT NULL,
  `nombre` varchar(60) NOT NULL,
  `apk` varchar(60) NOT NULL,
  `direccion` varchar(60) NOT NULL
) ENGINE=InnoDB DEFAULT CHARSET=utf8mb4;

-- --------------------------------------------------------

--
-- Estructura de tabla para la tabla `subirmanual`
--

CREATE TABLE `subirmanual` (
  `id` int(11) NOT NULL,
  `nombremanual` varchar(60) NOT NULL
) ENGINE=InnoDB DEFAULT CHARSET=utf8mb4;

-- --------------------------------------------------------

--
-- Estructura de tabla para la tabla `terminaciontarea`
--

CREATE TABLE `terminaciontarea` (
  `id` int(11) NOT NULL,
  `tareascompletadas` int(11) NOT NULL,
  `totaltareas` int(11) NOT NULL,
  `calculoterminaciontarea` int(11) NOT NULL
) ENGINE=InnoDB DEFAULT CHARSET=utf8mb4;

--
-- Volcado de datos para la tabla `terminaciontarea`
--

INSERT INTO `terminaciontarea` (`id`, `tareascompletadas`, `totaltareas`, `calculoterminaciontarea`) VALUES
(1, 0, 0, 0),
(2, 5, 9, 0),
(3, 5, 9, 0),
(4, 5, 9, 0),
(5, 10, 10, 1),
(6, 2, 2, 1),
(7, 10, 10, 1),
(8, 10, 10, 1),
(9, 10, 10, 1),
(10, 10, 10, 1),
(11, 10, 10, 1),
(12, 10, 10, 1),
(13, 5, 10, 0),
(14, 10, 10, 1),
(15, 3, 6, 0),
(16, 10, 10, 1),
(17, 10, 10, 1),
(18, 10, 10, 1),
(19, 3, 7, 0),
(20, 10, 10, 1),
(21, 10, 10, 1),
(22, 10, 5, 2),
(23, 7, 10, 0),
(24, 10, 10, 1),
(25, 10, 10, 1),
(26, 10, 10, 1),
(27, 10, 10, 1),
(28, 10, 10, 1),
(29, 7, 10, 0),
(30, 10, 10, 1),
(31, 10, 10, 1),
(32, 10, 10, 1),
(33, 10, 10, 1),
(34, 10, 10, 1),
(35, 4, 10, 0),
(36, 0, 0, 0),
(37, 0, 0, 0),
(38, 1, 10, 0),
(39, 2, 3, 0),
(40, 1, 1, 1),
(41, 10, 10, 1),
(42, 10, 10, 1),
(43, 10, 10, 1),
(44, 10, 10, 1),
(45, 10, 10, 1),
(46, 10, 10, 1),
(47, 10, 10, 1),
(48, 10, 10, 1),
(49, 10, 10, 1),
(50, 10, 10, 1),
(51, 10, 10, 1),
(52, 10, 10, 1),
(53, 10, 10, 1),
(54, 10, 10, 1),
(55, 10, 10, 1),
(56, 10, 10, 1),
(57, 10, 10, 1),
(58, 10, 10, 1),
(59, 10, 10, 1),
(60, 10, 10, 1),
(61, 10, 10, 1),
(62, 10, 10, 1),
(63, 10, 10, 1),
(64, 10, 10, 1),
(65, 1, 1, 1),
(66, 10, 10, 1),
(67, 10, 10, 1),
(68, 3, 10, 0),
(69, 3, 10, 0),
(70, 3, 10, 0),
(71, 1, 10, 0),
(72, 10, 10, 1),
(73, 10, 10, 1),
(74, 10, 10, 1),
(75, 10, 10, 1),
(76, 10, 10, 1),
(77, 10, 10, 1),
(78, 10, 10, 1),
(79, 10, 10, 1),
(80, 10, 10, 1),
(81, 10, 10, 1),
(82, 10, 10, 1),
(83, 10, 10, 1),
(84, 10, 10, 1),
(85, 10, 10, 1);

-- --------------------------------------------------------

--
-- Estructura de tabla para la tabla `tiemporespuesta`
--

CREATE TABLE `tiemporespuesta` (
  `id` int(11) NOT NULL,
  `tiempoinicio` int(11) NOT NULL,
  `tiemporespuesta` time NOT NULL,
  `numerodeevaluaciones` int(11) NOT NULL,
  `calculartiemporespuesta` int(11) NOT NULL
) ENGINE=InnoDB DEFAULT CHARSET=utf8mb4;

--
-- Volcado de datos para la tabla `tiemporespuesta`
--

INSERT INTO `tiemporespuesta` (`id`, `tiempoinicio`, `tiemporespuesta`, `numerodeevaluaciones`, `calculartiemporespuesta`) VALUES
(1, 0, '00:00:00', 1, 1),
(2, 0, '00:00:00', 2, 2),
(26, 0, '00:00:00', 2, 2),
(27, 0, '00:00:00', 2, 2),
(28, 0, '00:00:00', 2, 2),
(29, 0, '00:00:00', 2, 2),
(30, 0, '00:00:00', 2, 2),
(31, 0, '00:00:00', 2, 2),
(32, 0, '00:00:00', 2, 2),
(33, 0, '00:00:00', 2, 2),
(34, 0, '00:00:00', 2, 2),
(35, 0, '00:00:00', 2, 2),
(36, 0, '00:00:00', 0, 0),
(37, 0, '00:00:00', 3, 10),
(38, 0, '00:00:00', 3, 10),
(39, 0, '00:00:00', 3, 10),
(40, 0, '00:00:00', 3, 10),
(41, 0, '00:00:00', 3, 10),
(42, 0, '00:00:00', 3, 10),
(43, 0, '00:00:00', 3, 10),
(44, 0, '00:00:00', 3, 10),
(45, 0, '00:00:00', 3, 10),
(46, 0, '00:00:00', 3, 10),
(47, 0, '00:00:00', 3, 10),
(48, 0, '00:00:00', 3, 10),
(49, 0, '00:00:00', 3, 10),
(50, 0, '00:00:00', 3, 10),
(51, 0, '00:00:00', 3, 10),
(52, 0, '00:00:00', 3, 10),
(53, 0, '00:00:00', 3, 10),
(54, 0, '00:00:00', 3, 4),
(55, 0, '00:00:00', 3, 10),
(56, 0, '00:00:00', 3, 10),
(57, 0, '00:00:00', 3, 10),
(58, 0, '00:00:00', 3, 10),
(59, 0, '00:00:00', 3, 10),
(60, 0, '00:00:00', 3, 10),
(61, 0, '00:00:00', 3, 10),
(62, 0, '00:00:00', 3, 10),
(63, 0, '00:00:00', 3, 10),
(64, 0, '00:00:00', 3, 10),
(65, 0, '00:00:00', 0, 0),
(66, 0, '00:00:00', 0, 0),
(67, 0, '00:00:00', 3, 10),
(68, 0, '00:00:00', 3, 10),
(69, 0, '00:00:00', 3, 10),
(70, 0, '00:00:00', 3, 10),
(71, 0, '00:00:00', 3, 10),
(72, 0, '00:00:00', 3, 10),
(73, 0, '00:00:00', 3, 10),
(74, 0, '00:00:00', 3, 4),
(75, 0, '00:00:00', 3, 1),
(76, 0, '00:00:00', 3, 10),
(77, 0, '00:00:00', 3, 10),
(78, 0, '00:00:00', 3, 10),
(79, 0, '00:00:00', 3, 10),
(80, 0, '00:00:00', 3, 10),
(81, 0, '00:00:00', 3, 10),
(82, 0, '00:00:00', 3, 10),
(83, 0, '00:00:00', 3, 10),
(84, 0, '00:00:00', 3, 10),
(85, 0, '00:00:00', 3, 10),
(86, 0, '00:00:00', 3, 10),
(87, 0, '00:00:00', 3, 10),
(88, 0, '00:00:00', 3, 10),
(89, 0, '00:00:00', 3, 10),
(90, 0, '00:00:00', 3, 10),
(91, 0, '00:00:00', 3, 10),
(92, 0, '00:00:00', 3, 10),
(93, 0, '00:00:00', 3, 10),
(94, 0, '00:00:00', 3, 10),
(95, 0, '00:00:00', 3, 10),
(96, 0, '00:00:00', 3, 10),
(97, 0, '00:00:00', 3, 10),
(98, 0, '00:00:00', 3, 10),
(99, 0, '00:00:00', 3, 10),
(100, 0, '00:00:00', 3, 10),
(101, 0, '00:00:00', 3, 10),
(102, 0, '00:00:00', 3, 10),
(103, 0, '00:00:00', 3, 10),
(104, 0, '00:00:00', 3, 10),
(105, 0, '00:00:00', 3, 10),
(106, 0, '00:00:00', 3, 1),
(107, 0, '00:00:00', 3, 10),
(108, 0, '00:00:00', 3, 10),
(109, 0, '00:00:00', 3, 10),
(110, 0, '00:00:00', 3, 10),
(111, 0, '00:00:00', 3, 10),
(112, 0, '00:00:00', 3, 10),
(113, 0, '00:00:00', 3, 10),
(114, 0, '00:00:00', 3, 10),
(115, 0, '00:00:00', 3, 10),
(116, 0, '00:00:00', 2, 0),
(117, 0, '00:00:00', 2, 0),
(118, 0, '00:00:00', 2, 0),
(119, 0, '00:00:00', 2, 0),
(120, 0, '00:00:00', 2, 0),
(121, 0, '00:00:00', 5, 100),
(122, 0, '00:00:00', 5, 100),
(123, 0, '00:00:00', 5, 100),
(124, 0, '00:00:00', 5, 100),
(125, 0, '00:00:00', 5, 100),
(126, 0, '00:00:00', 5, 100),
(127, 10, '00:04:00', 5, 100),
(128, 10, '00:05:00', 5, 100),
(129, 10, '00:03:00', 5, 100),
(130, 10, '00:00:02', 5, 100),
(131, 10, '00:00:19', 5, 100),
(132, 10, '00:03:43', 5, 100),
(133, 3, '00:00:41', 5, 10),
(134, 3, '00:10:41', 85, 10),
(135, 3, '00:00:13', 5, 10),
(136, 3, '00:00:14', 5, 10),
(137, 3, '00:00:14', 5, 10),
(138, 3, '00:00:07', 5, 10),
(139, 3, '00:00:10', 5, 10),
(140, 3, '00:00:09', 5, 10),
(141, 3, '00:00:07', 5, 10);

-- --------------------------------------------------------

--
-- Estructura de tabla para la tabla `tiempotarea`
--

CREATE TABLE `tiempotarea` (
  `id` int(11) NOT NULL,
  `calculotiempo` int(11) NOT NULL
) ENGINE=InnoDB DEFAULT CHARSET=utf8mb4;

--
-- Volcado de datos para la tabla `tiempotarea`
--

INSERT INTO `tiempotarea` (`id`, `calculotiempo`) VALUES
(1, 9),
(2, 1),
(3, 2),
(4, 10),
(5, 10),
(6, 10),
(7, 10),
(8, 10),
(9, 10),
(10, 10),
(11, 10),
(12, 6),
(13, 10),
(14, 10),
(15, 10),
(16, 10),
(17, 10),
(18, 10),
(19, 10),
(20, 4),
(21, 10),
(22, 10),
(23, 10),
(24, 10),
(25, 10),
(26, 10),
(27, 10),
(28, 10),
(29, 10),
(30, 10),
(31, 10),
(32, 10),
(33, 0),
(34, 0),
(35, 1),
(36, 1),
(37, 1),
(38, 10),
(39, 10),
(40, 10),
(41, 10),
(42, 10),
(43, 10),
(44, 10),
(45, 10),
(46, 10),
(47, 10),
(48, 10),
(49, 10),
(50, 10),
(51, 10),
(52, 10),
(53, 10),
(54, 10),
(55, 10),
(56, 10),
(57, 10),
(58, 10),
(59, 10),
(60, 10),
(61, 10),
(62, 1),
(63, 10),
(64, 10),
(65, 2),
(66, 2),
(67, 2),
(68, 10),
(69, 10),
(70, 10),
(71, 10),
(72, 10),
(73, 10),
(74, 10),
(75, 10),
(76, 10),
(77, 10),
(78, 10),
(79, 10),
(80, 10),
(81, 10),
(82, 10);

-- --------------------------------------------------------

--
-- Estructura de tabla para la tabla `tipodeaplicacion`
--

CREATE TABLE `tipodeaplicacion` (
  `id` int(11) NOT NULL,
  `tipoaplicativo` varchar(60) NOT NULL,
  `tiempoinicio` int(11) NOT NULL,
  `calculartiemporespuesta` int(11) NOT NULL,
  `calculoram` int(11) NOT NULL,
  `calculocpu` int(11) NOT NULL,
  `calculobateria` int(11) NOT NULL,
  `esfuerzo` int(11) NOT NULL,
  `calculocostoeconomico` int(11) NOT NULL,
  `calculoterminaciontarea` int(11) NOT NULL,
  `calculoefectividad` int(11) NOT NULL,
  `calculotiempo` int(11) NOT NULL,
  `calculoextensibilidad` int(11) NOT NULL,
  `calculoreusabilidad` int(11) NOT NULL,
  `calculoescalabilidad` int(11) NOT NULL,
  `rapidez` int(11) NOT NULL,
  `dificultad` int(11) NOT NULL,
  `aprendizaje` int(11) NOT NULL,
  `facilidad` int(11) NOT NULL,
  `productividad_inexperto` int(11) NOT NULL,
  `estetica_general` int(11) NOT NULL,
  `comodidad_visual` int(11) NOT NULL,
  `informacion` int(11) NOT NULL,
  `iconos` int(11) NOT NULL,
  `eleccion` int(11) NOT NULL,
  `busqueda` int(11) NOT NULL,
  `videos` int(11) NOT NULL,
  `recomendacion` int(11) NOT NULL,
  `calculo_satisfaccion` int(11) NOT NULL,
  `organizacion` int(11) NOT NULL,
  `interfaz` int(11) NOT NULL,
  `gusto` int(11) NOT NULL,
  `herramientas` int(11) NOT NULL,
  `satisfaccion` int(11) NOT NULL,
  `lenguaje` int(11) NOT NULL,
  `sobrecarga` int(11) NOT NULL,
  `interfaz_limpia` int(11) NOT NULL,
  `espacio` int(11) NOT NULL,
  `longitud` int(11) NOT NULL,
  `texto` int(11) NOT NULL,
  `seguridad` int(11) NOT NULL,
  `playstore` int(11) NOT NULL,
  `calculofrecuenciaerrores` int(11) NOT NULL,
  `mensajes` int(11) NOT NULL,
  `prevencion` int(11) NOT NULL,
  `redundancia` int(11) NOT NULL,
  `enlaces` int(11) NOT NULL,
  `resolucion` int(11) NOT NULL,
  `lenguaje_clarol` int(11) NOT NULL,
  `fuente` int(11) NOT NULL,
  `contraste` int(11) NOT NULL,
  `idioma` int(11) NOT NULL,
  `uso` int(11) NOT NULL,
  `multitareas` int(11) NOT NULL,
  `actividad_mental` int(11) NOT NULL,
  `dificultad_tarea` int(11) NOT NULL,
  `actividad_fisica` int(11) NOT NULL,
  `exigencia` int(11) NOT NULL,
  `inseguro` int(11) NOT NULL,
  `sumaTotal` int(11) NOT NULL
) ENGINE=InnoDB DEFAULT CHARSET=utf8mb4;

--
-- Volcado de datos para la tabla `tipodeaplicacion`
--

INSERT INTO `tipodeaplicacion` (`id`, `tipoaplicativo`, `tiempoinicio`, `calculartiemporespuesta`, `calculoram`, `calculocpu`, `calculobateria`, `esfuerzo`, `calculocostoeconomico`, `calculoterminaciontarea`, `calculoefectividad`, `calculotiempo`, `calculoextensibilidad`, `calculoreusabilidad`, `calculoescalabilidad`, `rapidez`, `dificultad`, `aprendizaje`, `facilidad`, `productividad_inexperto`, `estetica_general`, `comodidad_visual`, `informacion`, `iconos`, `eleccion`, `busqueda`, `videos`, `recomendacion`, `calculo_satisfaccion`, `organizacion`, `interfaz`, `gusto`, `herramientas`, `satisfaccion`, `lenguaje`, `sobrecarga`, `interfaz_limpia`, `espacio`, `longitud`, `texto`, `seguridad`, `playstore`, `calculofrecuenciaerrores`, `mensajes`, `prevencion`, `redundancia`, `enlaces`, `resolucion`, `lenguaje_clarol`, `fuente`, `contraste`, `idioma`, `uso`, `multitareas`, `actividad_mental`, `dificultad_tarea`, `actividad_fisica`, `exigencia`, `inseguro`, `sumaTotal`) VALUES
(3, 'Administración Pública / Institucional', 2, 2, 2, 4, 2, 2, 2, 4, 2, 2, 2, 1, 4, 4, 4, 4, 4, 4, 4, 4, 4, 4, 4, 4, 2, 1, 4, 4, 4, 2, 4, 4, 4, 2, 4, 2, 2, 8, 4, 4, 8, 4, 2, 4, 8, 2, 8, 8, 4, 4, 4, 2, 4, 4, 2, 4, 4, 206),
(4, 'Banca electrónica', 1, 1, 1, 4, 1, 1, 8, 1, 8, 1, 4, 8, 2, 4, 8, 8, 8, 4, 2, 2, 2, 2, 2, 2, 4, 8, 2, 4, 2, 4, 8, 4, 8, 2, 2, 2, 1, 2, 8, 8, 2, 1, 8, 2, 2, 2, 8, 2, 8, 4, 8, 8, 8, 8, 8, 8, 8, 249),
(5, 'Blog', 4, 4, 4, 2, 4, 2, 1, 8, 2, 4, 4, 2, 8, 8, 2, 2, 2, 8, 4, 4, 4, 4, 4, 4, 2, 4, 8, 2, 4, 4, 4, 8, 2, 2, 4, 4, 2, 4, 4, 4, 4, 1, 2, 4, 4, 4, 4, 4, 2, 1, 2, 2, 2, 2, 2, 2, 2, 201),
(6, 'Comercio electrónico', 4, 4, 4, 4, 4, 2, 4, 4, 4, 4, 8, 2, 2, 4, 8, 8, 8, 2, 4, 4, 4, 4, 4, 4, 4, 8, 4, 2, 4, 4, 2, 4, 4, 2, 4, 4, 2, 8, 4, 4, 8, 4, 8, 4, 8, 4, 4, 8, 4, 4, 4, 8, 1, 1, 8, 2, 8, 256),
(7, 'Comunicación / Noticias', 1, 1, 1, 1, 2, 2, 1, 1, 2, 1, 1, 4, 8, 8, 4, 4, 4, 4, 4, 4, 4, 4, 4, 4, 2, 8, 2, 2, 4, 4, 8, 2, 8, 2, 4, 4, 2, 8, 2, 8, 1, 1, 4, 2, 2, 4, 4, 8, 1, 4, 4, 4, 4, 2, 4, 4, 4, 201),
(8, 'Corporativo / Empresas', 1, 1, 4, 4, 1, 2, 2, 2, 2, 1, 2, 4, 2, 4, 2, 2, 2, 4, 4, 4, 4, 4, 4, 4, 2, 4, 1, 2, 4, 2, 4, 8, 4, 2, 4, 4, 1, 4, 4, 4, 4, 4, 8, 4, 4, 4, 2, 4, 8, 4, 8, 4, 4, 2, 2, 2, 4, 192),
(9, 'Descargas', 1, 1, 4, 2, 2, 2, 2, 2, 2, 1, 4, 4, 4, 2, 2, 1, 2, 8, 1, 1, 1, 1, 1, 1, 4, 2, 4, 2, 1, 2, 8, 2, 2, 1, 1, 1, 2, 2, 2, 8, 2, 1, 2, 2, 4, 1, 1, 2, 4, 1, 4, 2, 2, 4, 2, 1, 4, 135),
(10, 'Educativo / Formativo', 2, 2, 2, 2, 2, 2, 1, 2, 1, 2, 4, 2, 2, 4, 4, 4, 4, 4, 2, 2, 2, 2, 2, 2, 2, 2, 2, 2, 2, 4, 4, 8, 4, 2, 2, 2, 2, 4, 1, 4, 2, 1, 4, 4, 4, 2, 4, 4, 2, 2, 2, 2, 2, 2, 4, 4, 4, 154),
(11, 'Entornos colaborativos / Wikis', 2, 2, 2, 4, 4, 2, 2, 2, 4, 2, 4, 2, 4, 8, 2, 2, 2, 8, 2, 2, 2, 2, 2, 2, 2, 4, 1, 2, 2, 8, 2, 4, 4, 2, 2, 2, 1, 4, 8, 2, 2, 2, 2, 2, 4, 2, 4, 4, 8, 1, 8, 2, 4, 1, 4, 2, 8, 180),
(12, 'Foros / Chat', 2, 2, 4, 2, 4, 2, 4, 1, 4, 2, 2, 2, 4, 8, 4, 4, 8, 1, 2, 2, 2, 2, 2, 2, 2, 4, 4, 2, 2, 8, 4, 1, 8, 1, 2, 2, 1, 4, 4, 4, 1, 2, 4, 2, 2, 2, 1, 4, 2, 1, 4, 8, 1, 4, 8, 2, 4, 177),
(13, 'Ocio / Entretenimiento', 2, 2, 2, 2, 8, 2, 4, 1, 4, 2, 4, 8, 4, 4, 8, 2, 4, 8, 1, 1, 1, 1, 1, 1, 4, 8, 2, 1, 1, 8, 4, 4, 8, 1, 1, 2, 2, 2, 4, 8, 1, 1, 4, 1, 2, 2, 1, 2, 4, 1, 8, 4, 2, 2, 8, 1, 8, 189),
(14, 'Personal', 2, 2, 2, 4, 2, 2, 1, 1, 2, 2, 8, 4, 2, 8, 4, 4, 2, 4, 2, 2, 2, 2, 2, 2, 2, 2, 4, 2, 2, 2, 8, 4, 4, 2, 2, 2, 2, 4, 2, 4, 2, 1, 4, 2, 2, 2, 2, 4, 1, 1, 4, 2, 1, 4, 4, 2, 8, 162),
(15, 'Portal de Servicios', 2, 2, 2, 2, 4, 2, 4, 2, 2, 2, 4, 4, 4, 4, 8, 1, 2, 4, 4, 4, 4, 4, 4, 4, 4, 4, 8, 1, 4, 2, 4, 4, 8, 2, 4, 4, 2, 4, 4, 4, 4, 2, 2, 4, 4, 4, 2, 4, 4, 2, 2, 8, 4, 1, 4, 2, 4, 199),
(16, 'Servicios interactivos basados en imágenes', 4, 4, 2, 2, 4, 2, 2, 2, 2, 4, 4, 2, 4, 4, 2, 4, 2, 2, 4, 4, 4, 4, 4, 4, 4, 2, 4, 1, 4, 2, 8, 8, 2, 4, 4, 2, 2, 4, 8, 8, 2, 2, 2, 1, 1, 2, 4, 4, 8, 1, 1, 2, 8, 4, 2, 4, 2, 193),
(17, 'Servicios interactivos no basados en imágenes', 4, 4, 2, 4, 2, 2, 2, 2, 2, 4, 2, 2, 4, 4, 2, 4, 2, 4, 2, 2, 2, 2, 2, 2, 2, 2, 8, 2, 2, 2, 2, 4, 2, 2, 2, 4, 2, 4, 4, 8, 4, 2, 2, 2, 4, 4, 2, 4, 4, 2, 2, 2, 2, 2, 2, 1, 2, 159),
(18, 'Webmail / Correo', 4, 4, 4, 4, 4, 2, 4, 2, 8, 4, 4, 2, 8, 8, 4, 1, 4, 4, 2, 2, 2, 2, 2, 2, 4, 4, 4, 2, 2, 4, 2, 8, 8, 2, 2, 2, 1, 4, 2, 4, 4, 4, 4, 2, 4, 2, 2, 4, 8, 2, 8, 8, 1, 2, 8, 1, 8, 214);

-- --------------------------------------------------------

--
-- Estructura de tabla para la tabla `universabilidad`
--

CREATE TABLE `universabilidad` (
  `id` int(11) NOT NULL,
  `accesibilidad` int(11) NOT NULL,
  `fidelidad` int(11) NOT NULL,
  `calculoderelevancia` float NOT NULL
) ENGINE=InnoDB DEFAULT CHARSET=utf8mb4;

--
-- Volcado de datos para la tabla `universabilidad`
--

INSERT INTO `universabilidad` (`id`, `accesibilidad`, `fidelidad`, `calculoderelevancia`) VALUES
(1, 2, 2, 1),
(2, 3, 3, 1),
(3, 4, 4, 0),
(4, 6, 6, 1.45631),
(5, 7, 7, 1.29126),
(6, 8, 8, 0.990291),
(7, 9, 9, 1.45631),
(8, 10, 10, 1.45631),
(9, 11, 11, 1.16505),
(10, 12, 12, 0.961165),
(11, 13, 13, 1.1068),
(12, 14, 14, 1.45631),
(13, 15, 15, 1.45631),
(14, 16, 16, 1.19417),
(15, 17, 17, 0),
(16, 18, 18, 0),
(17, 19, 19, 0.533981),
(18, 20, 20, 0.563107),
(19, 21, 21, 0.145631),
(20, 22, 22, 1.45631),
(21, 23, 23, 1.45631),
(22, 24, 24, 1.45631),
(23, 25, 25, 1.45631),
(24, 26, 26, 1.45631),
(25, 27, 27, 1.45631),
(26, 28, 28, 1.45631),
(27, 29, 29, 1.45631),
(28, 30, 30, 1.45631),
(29, 31, 31, 1.45631),
(30, 32, 32, 1.45631),
(31, 33, 33, 1.45631),
(32, 34, 34, 1.45631),
(33, 35, 35, 1.45631),
(34, 36, 36, 1.45631),
(35, 37, 37, 1.45631),
(36, 38, 38, 1.45631),
(37, 39, 39, 0.145631),
(38, 40, 40, 1.45631),
(39, 41, 41, 1.45631),
(40, 42, 42, 1.01942),
(41, 43, 43, 1.01942),
(42, 44, 44, 1.45631),
(43, 45, 45, 1.45631),
(44, 46, 46, 1.45631),
(45, 47, 47, 1.45631),
(46, 48, 48, 1.45631),
(47, 49, 49, 1.45631),
(48, 50, 50, 1.45631),
(49, 51, 51, 1.45631),
(50, 52, 52, 1.45631),
(51, 53, 53, 1.45631),
(52, 54, 54, 1.45631);

-- --------------------------------------------------------

--
-- Estructura de tabla para la tabla `usabilidad`
--

CREATE TABLE `usabilidad` (
  `id` int(11) NOT NULL,
  `idevaluador` int(11) NOT NULL,
  `aplicativo` int(11) NOT NULL,
  `calcularusabilidad` int(11) NOT NULL,
  `eficiencia` int(11) NOT NULL,
  `eficacia` int(11) NOT NULL,
  `memorabilidad` int(11) NOT NULL,
  `productividad` int(11) NOT NULL,
  `satisfaccion` int(11) NOT NULL,
  `seguridad` int(11) NOT NULL,
  `universabilidad` int(11) NOT NULL,
  `cargacognitiva` int(11) NOT NULL
) ENGINE=InnoDB DEFAULT CHARSET=utf8mb4;

--
-- Volcado de datos para la tabla `usabilidad`
--

INSERT INTO `usabilidad` (`id`, `idevaluador`, `aplicativo`, `calcularusabilidad`, `eficiencia`, `eficacia`, `memorabilidad`, `productividad`, `satisfaccion`, `seguridad`, `universabilidad`, `cargacognitiva`) VALUES
(12, 0, 819, 79, 31, 30, 24, 21, 18, 21, 15, 15),
(15, 0, 819, 55, 40, 33, 27, 24, 21, 25, 18, 18),
(16, 0, 819, 10, 41, 34, 28, 25, 22, 26, 19, 19),
(17, 0, 819, 98, 42, 36, 29, 27, 23, 27, 20, 20),
(24, 0, 819, 98, 57, 49, 36, 34, 30, 34, 27, 27),
(25, 0, 819, 98, 58, 50, 37, 35, 31, 35, 28, 28),
(26, 0, 819, 98, 59, 51, 38, 36, 32, 36, 29, 29),
(31, 0, 819, 98, 69, 57, 44, 42, 38, 42, 35, 35),
(32, 0, 819, 98, 71, 58, 45, 43, 39, 43, 36, 36),
(33, 0, 819, 11, 72, 59, 46, 44, 40, 44, 37, 37),
(34, 0, 826, 98, 73, 60, 47, 45, 41, 45, 38, 38),
(36, 0, 826, 84, 75, 64, 49, 47, 43, 47, 40, 40),
(37, 0, 826, 63, 76, 65, 50, 48, 44, 48, 41, 41),
(39, 0, 819, 98, 78, 68, 53, 50, 46, 50, 43, 43),
(40, 0, 829, 98, 79, 69, 55, 51, 47, 51, 44, 44),
(41, 0, 829, 98, 101, 73, 58, 54, 50, 54, 47, 47),
(42, 0, 826, 2, 2, 2, 2, 2, 2, 2, 2, 2),
(45, 4, 829, 98, 107, 79, 63, 59, 55, 59, 52, 52);

-- --------------------------------------------------------

--
-- Estructura de tabla para la tabla `usosimultaneo`
--

CREATE TABLE `usosimultaneo` (
  `id` int(11) NOT NULL,
  `multitareas` int(11) NOT NULL,
  `actividad_mental` int(11) NOT NULL,
  `dificultad_tarea` int(11) NOT NULL,
  `actividad_fisica` int(11) NOT NULL,
  `exigencia` int(11) NOT NULL,
  `inseguro` int(11) NOT NULL
) ENGINE=InnoDB DEFAULT CHARSET=utf8mb4;

--
-- Volcado de datos para la tabla `usosimultaneo`
--

INSERT INTO `usosimultaneo` (`id`, `multitareas`, `actividad_mental`, `dificultad_tarea`, `actividad_fisica`, `exigencia`, `inseguro`) VALUES
(1, 8, 8, 8, 8, 8, 8),
(2, 10, 10, 10, 10, 10, 10),
(3, 10, 5, 10, 10, 10, 10),
(4, 10, 10, 10, 10, 10, 10),
(5, 10, 10, 10, 10, 10, 10),
(6, 10, 10, 10, 10, 10, 10),
(7, 5, 10, 4, 10, 10, 10),
(8, 10, 10, 10, 10, 10, 10),
(9, 10, 10, 10, 10, 10, 10),
(10, 10, 10, 10, 10, 10, 10),
(11, 10, 6, 5, 10, 10, 10),
(12, 5, 6, 3, 10, 10, 10),
(13, 10, 8, 5, 10, 10, 10),
(14, 10, 10, 10, 10, 10, 10),
(15, 10, 10, 10, 10, 10, 10),
(16, 8, 7, 4, 10, 10, 10),
(17, 0, 0, 0, 0, 0, 0),
(18, 0, 0, 0, 0, 0, 0),
(19, 1, 10, 1, 1, 10, 10),
(20, 1, 3, 2, 1, 10, 1),
(21, 1, 1, 1, 1, 1, 1),
(22, 10, 10, 10, 10, 10, 10),
(23, 10, 10, 10, 10, 10, 10),
(24, 10, 10, 10, 10, 10, 10),
(25, 10, 10, 10, 10, 10, 10),
(26, 10, 10, 10, 10, 10, 10),
(27, 10, 10, 10, 10, 10, 10),
(28, 10, 10, 10, 10, 10, 10),
(29, 10, 10, 10, 10, 10, 10),
(30, 10, 10, 10, 10, 10, 10),
(31, 10, 10, 10, 10, 10, 10),
(32, 10, 10, 10, 10, 10, 10),
(33, 10, 10, 10, 10, 10, 10),
(34, 10, 10, 10, 10, 10, 10),
(35, 10, 10, 10, 10, 10, 10),
(36, 10, 10, 10, 10, 10, 10),
(37, 10, 10, 10, 10, 10, 10),
(38, 10, 10, 10, 10, 10, 10),
(39, 1, 1, 1, 1, 1, 1),
(40, 10, 10, 10, 10, 10, 10),
(41, 10, 10, 10, 10, 10, 10),
(42, 1, 1, 1, 10, 10, 10),
(43, 1, 10, 1, 10, 10, 1),
(44, 10, 10, 10, 10, 10, 10),
(45, 10, 10, 10, 10, 10, 10),
(46, 10, 10, 10, 10, 10, 10),
(47, 10, 10, 10, 10, 10, 10),
(48, 10, 10, 10, 10, 10, 10),
(49, 10, 10, 10, 10, 10, 10),
(50, 10, 10, 10, 10, 10, 10),
(51, 10, 10, 10, 10, 10, 10),
(52, 10, 10, 10, 10, 10, 10),
(53, 10, 10, 10, 10, 10, 10),
(54, 10, 10, 10, 10, 10, 10);

-- --------------------------------------------------------

--
-- Estructura de tabla para la tabla `usuario`
--

CREATE TABLE `usuario` (
  `id` int(11) NOT NULL,
  `nombre` text NOT NULL,
  `telefono` text NOT NULL,
  `correo` text NOT NULL,
  `contraseña` text NOT NULL
) ENGINE=InnoDB DEFAULT CHARSET=utf8mb4;

--
-- Volcado de datos para la tabla `usuario`
--

INSERT INTO `usuario` (`id`, `nombre`, `telefono`, `correo`, `contraseña`) VALUES
(1, 'adriana Patricia', '3219779439', 'mromero@gmail.com', 'contrasena'),
(7, 'John Wilson', 'Rojas', 'john@example.com', '123'),
(29, 'cesar jo', 'cesar', 'cesar', 'cesar'),
(42, 'rojas beltrana rianapatricia', 'rojasbeltranadrianapatricia@gmail.com', 'rojasbeltranadrianapatricia@gmail.com', 'h'),
(44, 'usuario', '698', 'usuario', 'usuario'),
(45, 'rojm', '35298868', 'hihhxf', 'vbvti');

--
-- Índices para tablas volcadas
--

--
-- Indices de la tabla `accesibilidad`
--
ALTER TABLE `accesibilidad`
  ADD PRIMARY KEY (`id`);

--
-- Indices de la tabla `administrador`
--
ALTER TABLE `administrador`
  ADD PRIMARY KEY (`id`);

--
-- Indices de la tabla `asignarresportes`
--
ALTER TABLE `asignarresportes`
  ADD PRIMARY KEY (`id`),
  ADD KEY `evaluador` (`evaluador`),
  ADD KEY `administrador` (`administrador`),
  ADD KEY `listaaplicaciones` (`listaaplicaciones`);

--
-- Indices de la tabla `bateria`
--
ALTER TABLE `bateria`
  ADD PRIMARY KEY (`id`);

--
-- Indices de la tabla `cargacognitiva`
--
ALTER TABLE `cargacognitiva`
  ADD PRIMARY KEY (`id`),
  ADD KEY `usosimultaneo` (`usosimultaneo`);

--
-- Indices de la tabla `comprensibilidad`
--
ALTER TABLE `comprensibilidad`
  ADD PRIMARY KEY (`id`);

--
-- Indices de la tabla `costoeconomico`
--
ALTER TABLE `costoeconomico`
  ADD PRIMARY KEY (`id`);

--
-- Indices de la tabla `cpu`
--
ALTER TABLE `cpu`
  ADD PRIMARY KEY (`id`);

--
-- Indices de la tabla `cumplimientotarea`
--
ALTER TABLE `cumplimientotarea`
  ADD PRIMARY KEY (`id`),
  ADD KEY `efectividadtarea` (`efectividadtarea`),
  ADD KEY `tiempocompletar` (`tiempocompletar`);

--
-- Indices de la tabla `efectividadtarea`
--
ALTER TABLE `efectividadtarea`
  ADD PRIMARY KEY (`id`);

--
-- Indices de la tabla `eficacia`
--
ALTER TABLE `eficacia`
  ADD PRIMARY KEY (`id`),
  ADD KEY `terminaciontareas` (`terminaciontareas`),
  ADD KEY `cumpliminentotarea` (`cumpliminentotarea`),
  ADD KEY `calculoderelevancia` (`calculoderelevancia`),
  ADD KEY `extensibilidad` (`extensibilidad`),
  ADD KEY `reusabilidad` (`reusabilidad`),
  ADD KEY `escalabilidad` (`escalabilidad`);

--
-- Indices de la tabla `eficiencia`
--
ALTER TABLE `eficiencia`
  ADD PRIMARY KEY (`id`),
  ADD KEY `recursos` (`recursos`),
  ADD KEY `esfuerzo` (`esfuerzo`),
  ADD KEY `costoeconomico` (`costoeconomico`);

--
-- Indices de la tabla `error`
--
ALTER TABLE `error`
  ADD PRIMARY KEY (`id`),
  ADD KEY `frecuenciaerrores` (`frecuenciaerrores`);

--
-- Indices de la tabla `escalabilidad`
--
ALTER TABLE `escalabilidad`
  ADD PRIMARY KEY (`id`);

--
-- Indices de la tabla `esfuerzo`
--
ALTER TABLE `esfuerzo`
  ADD PRIMARY KEY (`id`);

--
-- Indices de la tabla `estetica`
--
ALTER TABLE `estetica`
  ADD PRIMARY KEY (`id`);

--
-- Indices de la tabla `evaluador`
--
ALTER TABLE `evaluador`
  ADD PRIMARY KEY (`id`);

--
-- Indices de la tabla `extensibilidad`
--
ALTER TABLE `extensibilidad`
  ADD PRIMARY KEY (`id`);

--
-- Indices de la tabla `fidelidad`
--
ALTER TABLE `fidelidad`
  ADD PRIMARY KEY (`id`);

--
-- Indices de la tabla `frecuenciaerrores`
--
ALTER TABLE `frecuenciaerrores`
  ADD PRIMARY KEY (`id`);

--
-- Indices de la tabla `memorabilidad`
--
ALTER TABLE `memorabilidad`
  ADD PRIMARY KEY (`id`),
  ADD KEY `comprensibilidad` (`comprensibilidad`);

--
-- Indices de la tabla `permiso`
--
ALTER TABLE `permiso`
  ADD PRIMARY KEY (`id`);

--
-- Indices de la tabla `productividad`
--
ALTER TABLE `productividad`
  ADD PRIMARY KEY (`id`),
  ADD KEY `salidausuario` (`salidausuario`);

--
-- Indices de la tabla `ram`
--
ALTER TABLE `ram`
  ADD PRIMARY KEY (`id`);

--
-- Indices de la tabla `recursos`
--
ALTER TABLE `recursos`
  ADD PRIMARY KEY (`id`),
  ADD KEY `tiemporespuesta` (`tiemporespuesta`),
  ADD KEY `ram` (`ram`),
  ADD KEY `cpu` (`cpu`),
  ADD KEY `bateria` (`bateria`);

--
-- Indices de la tabla `registrardatosaplicativo`
--
ALTER TABLE `registrardatosaplicativo`
  ADD PRIMARY KEY (`id`),
  ADD KEY `subirapk` (`subirapk`),
  ADD KEY `subirmanual` (`subirmanual`),
  ADD KEY `tipoaplicativo` (`tipoaplicativo`),
  ADD KEY `usuario` (`usuario`);

--
-- Indices de la tabla `reusabilidad`
--
ALTER TABLE `reusabilidad`
  ADD PRIMARY KEY (`id`);

--
-- Indices de la tabla `salidausuario`
--
ALTER TABLE `salidausuario`
  ADD PRIMARY KEY (`id`);

--
-- Indices de la tabla `satisfaccion`
--
ALTER TABLE `satisfaccion`
  ADD PRIMARY KEY (`id`),
  ADD KEY `estetica` (`estetica`);

--
-- Indices de la tabla `seguridad`
--
ALTER TABLE `seguridad`
  ADD PRIMARY KEY (`id`),
  ADD KEY `permiso` (`permiso`),
  ADD KEY `error` (`error`);

--
-- Indices de la tabla `subirapk`
--
ALTER TABLE `subirapk`
  ADD PRIMARY KEY (`id`);

--
-- Indices de la tabla `subirmanual`
--
ALTER TABLE `subirmanual`
  ADD PRIMARY KEY (`id`);

--
-- Indices de la tabla `terminaciontarea`
--
ALTER TABLE `terminaciontarea`
  ADD PRIMARY KEY (`id`);

--
-- Indices de la tabla `tiemporespuesta`
--
ALTER TABLE `tiemporespuesta`
  ADD PRIMARY KEY (`id`);

--
-- Indices de la tabla `tiempotarea`
--
ALTER TABLE `tiempotarea`
  ADD PRIMARY KEY (`id`);

--
-- Indices de la tabla `tipodeaplicacion`
--
ALTER TABLE `tipodeaplicacion`
  ADD PRIMARY KEY (`id`);

--
-- Indices de la tabla `universabilidad`
--
ALTER TABLE `universabilidad`
  ADD PRIMARY KEY (`id`),
  ADD KEY `fidelidad` (`fidelidad`),
  ADD KEY `accesibilidad` (`accesibilidad`);

--
-- Indices de la tabla `usabilidad`
--
ALTER TABLE `usabilidad`
  ADD PRIMARY KEY (`id`),
  ADD KEY `calcularusabilidad` (`calcularusabilidad`),
  ADD KEY `eficiencia` (`eficiencia`),
  ADD KEY `eficacia` (`eficacia`),
  ADD KEY `memorabilidad` (`memorabilidad`),
  ADD KEY `productividad` (`productividad`),
  ADD KEY `satisfaccion` (`satisfaccion`),
  ADD KEY `seguridad` (`seguridad`),
  ADD KEY `universabilidad` (`universabilidad`),
  ADD KEY `cargacognitiva` (`cargacognitiva`),
  ADD KEY `aplicativo` (`aplicativo`);

--
-- Indices de la tabla `usosimultaneo`
--
ALTER TABLE `usosimultaneo`
  ADD PRIMARY KEY (`id`);

--
-- Indices de la tabla `usuario`
--
ALTER TABLE `usuario`
  ADD PRIMARY KEY (`id`);

--
-- AUTO_INCREMENT de las tablas volcadas
--

--
-- AUTO_INCREMENT de la tabla `accesibilidad`
--
ALTER TABLE `accesibilidad`
  MODIFY `id` int(11) NOT NULL AUTO_INCREMENT, AUTO_INCREMENT=55;

--
-- AUTO_INCREMENT de la tabla `administrador`
--
ALTER TABLE `administrador`
  MODIFY `id` int(11) NOT NULL AUTO_INCREMENT, AUTO_INCREMENT=6;

--
-- AUTO_INCREMENT de la tabla `asignarresportes`
--
ALTER TABLE `asignarresportes`
  MODIFY `id` int(11) NOT NULL AUTO_INCREMENT, AUTO_INCREMENT=19;

--
-- AUTO_INCREMENT de la tabla `bateria`
--
ALTER TABLE `bateria`
  MODIFY `id` int(11) NOT NULL AUTO_INCREMENT, AUTO_INCREMENT=129;

--
-- AUTO_INCREMENT de la tabla `cargacognitiva`
--
ALTER TABLE `cargacognitiva`
  MODIFY `id` int(11) NOT NULL AUTO_INCREMENT, AUTO_INCREMENT=53;

--
-- AUTO_INCREMENT de la tabla `comprensibilidad`
--
ALTER TABLE `comprensibilidad`
  MODIFY `id` int(11) NOT NULL AUTO_INCREMENT, AUTO_INCREMENT=66;

--
-- AUTO_INCREMENT de la tabla `costoeconomico`
--
ALTER TABLE `costoeconomico`
  MODIFY `id` int(11) NOT NULL AUTO_INCREMENT, AUTO_INCREMENT=126;

--
-- AUTO_INCREMENT de la tabla `cpu`
--
ALTER TABLE `cpu`
  MODIFY `id` int(11) NOT NULL AUTO_INCREMENT, AUTO_INCREMENT=129;

--
-- AUTO_INCREMENT de la tabla `cumplimientotarea`
--
ALTER TABLE `cumplimientotarea`
  MODIFY `id` int(11) NOT NULL AUTO_INCREMENT, AUTO_INCREMENT=80;

--
-- AUTO_INCREMENT de la tabla `efectividadtarea`
--
ALTER TABLE `efectividadtarea`
  MODIFY `id` int(11) NOT NULL AUTO_INCREMENT, AUTO_INCREMENT=86;

--
-- AUTO_INCREMENT de la tabla `eficacia`
--
ALTER TABLE `eficacia`
  MODIFY `id` int(11) NOT NULL AUTO_INCREMENT, AUTO_INCREMENT=80;

--
-- AUTO_INCREMENT de la tabla `eficiencia`
--
ALTER TABLE `eficiencia`
  MODIFY `id` int(11) NOT NULL AUTO_INCREMENT, AUTO_INCREMENT=108;

--
-- AUTO_INCREMENT de la tabla `error`
--
ALTER TABLE `error`
  MODIFY `id` int(11) NOT NULL AUTO_INCREMENT, AUTO_INCREMENT=64;

--
-- AUTO_INCREMENT de la tabla `escalabilidad`
--
ALTER TABLE `escalabilidad`
  MODIFY `id` int(11) NOT NULL AUTO_INCREMENT, AUTO_INCREMENT=86;

--
-- AUTO_INCREMENT de la tabla `esfuerzo`
--
ALTER TABLE `esfuerzo`
  MODIFY `id` int(11) NOT NULL AUTO_INCREMENT, AUTO_INCREMENT=129;

--
-- AUTO_INCREMENT de la tabla `estetica`
--
ALTER TABLE `estetica`
  MODIFY `id` int(11) NOT NULL AUTO_INCREMENT, AUTO_INCREMENT=58;

--
-- AUTO_INCREMENT de la tabla `evaluador`
--
ALTER TABLE `evaluador`
  MODIFY `id` int(11) NOT NULL AUTO_INCREMENT, AUTO_INCREMENT=7;

--
-- AUTO_INCREMENT de la tabla `extensibilidad`
--
ALTER TABLE `extensibilidad`
  MODIFY `id` int(11) NOT NULL AUTO_INCREMENT, AUTO_INCREMENT=86;

--
-- AUTO_INCREMENT de la tabla `fidelidad`
--
ALTER TABLE `fidelidad`
  MODIFY `id` int(11) NOT NULL AUTO_INCREMENT, AUTO_INCREMENT=55;

--
-- AUTO_INCREMENT de la tabla `frecuenciaerrores`
--
ALTER TABLE `frecuenciaerrores`
  MODIFY `id` int(11) NOT NULL AUTO_INCREMENT, AUTO_INCREMENT=64;

--
-- AUTO_INCREMENT de la tabla `memorabilidad`
--
ALTER TABLE `memorabilidad`
  MODIFY `id` int(11) NOT NULL AUTO_INCREMENT, AUTO_INCREMENT=64;

--
-- AUTO_INCREMENT de la tabla `permiso`
--
ALTER TABLE `permiso`
  MODIFY `id` int(11) NOT NULL AUTO_INCREMENT, AUTO_INCREMENT=64;

--
-- AUTO_INCREMENT de la tabla `productividad`
--
ALTER TABLE `productividad`
  MODIFY `id` int(11) NOT NULL AUTO_INCREMENT, AUTO_INCREMENT=60;

--
-- AUTO_INCREMENT de la tabla `ram`
--
ALTER TABLE `ram`
  MODIFY `id` int(11) NOT NULL AUTO_INCREMENT, AUTO_INCREMENT=130;

--
-- AUTO_INCREMENT de la tabla `recursos`
--
ALTER TABLE `recursos`
  MODIFY `id` int(11) NOT NULL AUTO_INCREMENT, AUTO_INCREMENT=117;

--
-- AUTO_INCREMENT de la tabla `registrardatosaplicativo`
--
ALTER TABLE `registrardatosaplicativo`
  MODIFY `id` int(11) NOT NULL AUTO_INCREMENT, AUTO_INCREMENT=830;

--
-- AUTO_INCREMENT de la tabla `reusabilidad`
--
ALTER TABLE `reusabilidad`
  MODIFY `id` int(11) NOT NULL AUTO_INCREMENT, AUTO_INCREMENT=86;

--
-- AUTO_INCREMENT de la tabla `salidausuario`
--
ALTER TABLE `salidausuario`
  MODIFY `id` int(11) NOT NULL AUTO_INCREMENT, AUTO_INCREMENT=62;

--
-- AUTO_INCREMENT de la tabla `satisfaccion`
--
ALTER TABLE `satisfaccion`
  MODIFY `id` int(11) NOT NULL AUTO_INCREMENT, AUTO_INCREMENT=56;

--
-- AUTO_INCREMENT de la tabla `seguridad`
--
ALTER TABLE `seguridad`
  MODIFY `id` int(11) NOT NULL AUTO_INCREMENT, AUTO_INCREMENT=60;

--
-- AUTO_INCREMENT de la tabla `subirapk`
--
ALTER TABLE `subirapk`
  MODIFY `id` int(11) NOT NULL AUTO_INCREMENT;

--
-- AUTO_INCREMENT de la tabla `subirmanual`
--
ALTER TABLE `subirmanual`
  MODIFY `id` int(11) NOT NULL AUTO_INCREMENT;

--
-- AUTO_INCREMENT de la tabla `terminaciontarea`
--
ALTER TABLE `terminaciontarea`
  MODIFY `id` int(11) NOT NULL AUTO_INCREMENT, AUTO_INCREMENT=86;

--
-- AUTO_INCREMENT de la tabla `tiemporespuesta`
--
ALTER TABLE `tiemporespuesta`
  MODIFY `id` int(11) NOT NULL AUTO_INCREMENT, AUTO_INCREMENT=142;

--
-- AUTO_INCREMENT de la tabla `tiempotarea`
--
ALTER TABLE `tiempotarea`
  MODIFY `id` int(11) NOT NULL AUTO_INCREMENT, AUTO_INCREMENT=83;

--
-- AUTO_INCREMENT de la tabla `tipodeaplicacion`
--
ALTER TABLE `tipodeaplicacion`
  MODIFY `id` int(11) NOT NULL AUTO_INCREMENT, AUTO_INCREMENT=19;

--
-- AUTO_INCREMENT de la tabla `universabilidad`
--
ALTER TABLE `universabilidad`
  MODIFY `id` int(11) NOT NULL AUTO_INCREMENT, AUTO_INCREMENT=53;

--
-- AUTO_INCREMENT de la tabla `usabilidad`
--
ALTER TABLE `usabilidad`
  MODIFY `id` int(11) NOT NULL AUTO_INCREMENT, AUTO_INCREMENT=46;

--
-- AUTO_INCREMENT de la tabla `usosimultaneo`
--
ALTER TABLE `usosimultaneo`
  MODIFY `id` int(11) NOT NULL AUTO_INCREMENT, AUTO_INCREMENT=55;

--
-- AUTO_INCREMENT de la tabla `usuario`
--
ALTER TABLE `usuario`
  MODIFY `id` int(11) NOT NULL AUTO_INCREMENT, AUTO_INCREMENT=46;

--
-- Restricciones para tablas volcadas
--

--
-- Filtros para la tabla `asignarresportes`
--
ALTER TABLE `asignarresportes`
  ADD CONSTRAINT `asignarresportes_ibfk_1` FOREIGN KEY (`administrador`) REFERENCES `administrador` (`id`) ON UPDATE CASCADE,
  ADD CONSTRAINT `asignarresportes_ibfk_2` FOREIGN KEY (`evaluador`) REFERENCES `evaluador` (`id`) ON UPDATE CASCADE,
  ADD CONSTRAINT `asignarresportes_ibfk_3` FOREIGN KEY (`listaaplicaciones`) REFERENCES `registrardatosaplicativo` (`id`) ON UPDATE CASCADE;

--
-- Filtros para la tabla `cargacognitiva`
--
ALTER TABLE `cargacognitiva`
  ADD CONSTRAINT `cargacognitiva_ibfk_1` FOREIGN KEY (`usosimultaneo`) REFERENCES `usosimultaneo` (`id`) ON UPDATE CASCADE;

--
-- Filtros para la tabla `cumplimientotarea`
--
ALTER TABLE `cumplimientotarea`
  ADD CONSTRAINT `cumplimientotarea_ibfk_1` FOREIGN KEY (`efectividadtarea`) REFERENCES `efectividadtarea` (`id`) ON UPDATE CASCADE,
  ADD CONSTRAINT `cumplimientotarea_ibfk_2` FOREIGN KEY (`tiempocompletar`) REFERENCES `tiempotarea` (`id`) ON UPDATE CASCADE;

--
-- Filtros para la tabla `eficacia`
--
ALTER TABLE `eficacia`
  ADD CONSTRAINT `eficacia_ibfk_1` FOREIGN KEY (`terminaciontareas`) REFERENCES `terminaciontarea` (`id`) ON UPDATE CASCADE,
  ADD CONSTRAINT `eficacia_ibfk_2` FOREIGN KEY (`cumpliminentotarea`) REFERENCES `cumplimientotarea` (`id`) ON UPDATE CASCADE,
  ADD CONSTRAINT `eficacia_ibfk_3` FOREIGN KEY (`extensibilidad`) REFERENCES `extensibilidad` (`id`) ON UPDATE CASCADE,
  ADD CONSTRAINT `eficacia_ibfk_4` FOREIGN KEY (`reusabilidad`) REFERENCES `reusabilidad` (`id`) ON UPDATE CASCADE,
  ADD CONSTRAINT `eficacia_ibfk_5` FOREIGN KEY (`escalabilidad`) REFERENCES `escalabilidad` (`id`) ON UPDATE CASCADE;

--
-- Filtros para la tabla `eficiencia`
--
ALTER TABLE `eficiencia`
  ADD CONSTRAINT `eficiencia_ibfk_1` FOREIGN KEY (`recursos`) REFERENCES `recursos` (`id`) ON UPDATE CASCADE,
  ADD CONSTRAINT `eficiencia_ibfk_2` FOREIGN KEY (`esfuerzo`) REFERENCES `esfuerzo` (`id`) ON UPDATE CASCADE,
  ADD CONSTRAINT `eficiencia_ibfk_3` FOREIGN KEY (`costoeconomico`) REFERENCES `costoeconomico` (`id`) ON UPDATE CASCADE;

--
-- Filtros para la tabla `error`
--
ALTER TABLE `error`
  ADD CONSTRAINT `error_ibfk_1` FOREIGN KEY (`frecuenciaerrores`) REFERENCES `frecuenciaerrores` (`id`) ON UPDATE CASCADE;

--
-- Filtros para la tabla `memorabilidad`
--
ALTER TABLE `memorabilidad`
  ADD CONSTRAINT `memorabilidad_ibfk_1` FOREIGN KEY (`comprensibilidad`) REFERENCES `comprensibilidad` (`id`) ON UPDATE CASCADE;

--
-- Filtros para la tabla `productividad`
--
ALTER TABLE `productividad`
  ADD CONSTRAINT `productividad_ibfk_1` FOREIGN KEY (`salidausuario`) REFERENCES `salidausuario` (`id`) ON UPDATE CASCADE;

--
-- Filtros para la tabla `recursos`
--
ALTER TABLE `recursos`
  ADD CONSTRAINT `recursos_ibfk_6` FOREIGN KEY (`tiemporespuesta`) REFERENCES `tiemporespuesta` (`id`) ON UPDATE CASCADE,
  ADD CONSTRAINT `recursos_ibfk_7` FOREIGN KEY (`ram`) REFERENCES `ram` (`id`) ON UPDATE CASCADE,
  ADD CONSTRAINT `recursos_ibfk_8` FOREIGN KEY (`cpu`) REFERENCES `cpu` (`id`) ON UPDATE CASCADE,
  ADD CONSTRAINT `recursos_ibfk_9` FOREIGN KEY (`bateria`) REFERENCES `bateria` (`id`) ON UPDATE CASCADE;

--
-- Filtros para la tabla `registrardatosaplicativo`
--
ALTER TABLE `registrardatosaplicativo`
  ADD CONSTRAINT `fk_datos_tipo` FOREIGN KEY (`tipoaplicativo`) REFERENCES `tipodeaplicacion` (`id`) ON UPDATE CASCADE,
  ADD CONSTRAINT `registrardatosaplicativo_ibfk_1` FOREIGN KEY (`usuario`) REFERENCES `usuario` (`id`) ON UPDATE CASCADE;

--
-- Filtros para la tabla `satisfaccion`
--
ALTER TABLE `satisfaccion`
  ADD CONSTRAINT `satisfaccion_ibfk_1` FOREIGN KEY (`estetica`) REFERENCES `estetica` (`id`) ON UPDATE CASCADE;

--
-- Filtros para la tabla `seguridad`
--
ALTER TABLE `seguridad`
  ADD CONSTRAINT `seguridad_ibfk_1` FOREIGN KEY (`permiso`) REFERENCES `permiso` (`id`) ON UPDATE CASCADE,
  ADD CONSTRAINT `seguridad_ibfk_2` FOREIGN KEY (`error`) REFERENCES `error` (`id`) ON UPDATE CASCADE;

--
-- Filtros para la tabla `universabilidad`
--
ALTER TABLE `universabilidad`
  ADD CONSTRAINT `universabilidad_ibfk_2` FOREIGN KEY (`fidelidad`) REFERENCES `fidelidad` (`id`) ON UPDATE CASCADE,
  ADD CONSTRAINT `universabilidad_ibfk_3` FOREIGN KEY (`accesibilidad`) REFERENCES `accesibilidad` (`id`) ON UPDATE CASCADE;

--
-- Filtros para la tabla `usabilidad`
--
ALTER TABLE `usabilidad`
  ADD CONSTRAINT `usabilidad_ibfk_1` FOREIGN KEY (`aplicativo`) REFERENCES `registrardatosaplicativo` (`id`) ON UPDATE CASCADE,
  ADD CONSTRAINT `usabilidad_ibfk_10` FOREIGN KEY (`cargacognitiva`) REFERENCES `cargacognitiva` (`id`) ON UPDATE CASCADE,
  ADD CONSTRAINT `usabilidad_ibfk_2` FOREIGN KEY (`eficiencia`) REFERENCES `eficiencia` (`id`) ON UPDATE CASCADE,
  ADD CONSTRAINT `usabilidad_ibfk_4` FOREIGN KEY (`eficacia`) REFERENCES `eficacia` (`id`) ON UPDATE CASCADE,
  ADD CONSTRAINT `usabilidad_ibfk_5` FOREIGN KEY (`memorabilidad`) REFERENCES `memorabilidad` (`id`) ON UPDATE CASCADE,
  ADD CONSTRAINT `usabilidad_ibfk_6` FOREIGN KEY (`productividad`) REFERENCES `productividad` (`id`) ON UPDATE CASCADE,
  ADD CONSTRAINT `usabilidad_ibfk_7` FOREIGN KEY (`satisfaccion`) REFERENCES `satisfaccion` (`id`) ON UPDATE CASCADE,
  ADD CONSTRAINT `usabilidad_ibfk_8` FOREIGN KEY (`seguridad`) REFERENCES `seguridad` (`id`) ON UPDATE CASCADE,
  ADD CONSTRAINT `usabilidad_ibfk_9` FOREIGN KEY (`universabilidad`) REFERENCES `universabilidad` (`id`) ON UPDATE CASCADE;
COMMIT;

/*!40101 SET CHARACTER_SET_CLIENT=@OLD_CHARACTER_SET_CLIENT */;
/*!40101 SET CHARACTER_SET_RESULTS=@OLD_CHARACTER_SET_RESULTS */;
/*!40101 SET COLLATION_CONNECTION=@OLD_COLLATION_CONNECTION */;
